会社コード,業種名,和文社名,住所,電話,設立年月,lat,lon
760,機械,エピロックジャパン（株）,神奈川県横浜市都筑区川和町５０－１,045-933-6315,197906,35.5184558,139.5525155
2660,化学,東レ・デュポン（株）,東京都中央区日本橋本町１－１－１　ＭＥＴＬＩＦＥ日本橋本町ビル,03-3245-5081,196406,35.6850578,139.7764718
7840,電気機器卸売,（株）フィリップス・ジャパン,東京都港区港南２－１３－３７　フィリップスビル,03-3740-5112,195307,35.6281599,139.7451647
11530,機械,イートン（株）,東京都港区赤坂８－１１－３７　いちご乃木坂ビル,03-5786-2560,197410,35.6686445,139.7273141
100069,金属製品,プラクスエア工学（株）,埼玉県さいたま市浦和区高砂２－１－１６　浦和大熊ビル２階,048-825-7894,196006,35.8568134,139.6545953
100823,通信・放送,オレンジ・ジャパン（株）,東京都港区虎ノ門４－３－１　城山トラストタワー３４階,03-5733-9149,198905,35.6646397,139.7430889
100832,輸送用機器卸売,（株）マキシオンホイールズジャパン,神奈川県横浜市中区相生町６－１０４　横浜相生町ビル５階,045-680-5807,198710,35.4491344,139.6340913
101027,他製造業,メルセン・エフエムエー（株）,東京都新宿区西新宿２－７－１　小田急第一生命ビル１４階,03-5325-6311,198908,35.6915156,139.6913635
101097,他製造業,フレゼニウス川澄（株）,大分県豊後大野市犬飼町大寒３００,0975-78-1164,199005,33.0363987,131.6346626
103015,情報・システム・ソフト,エレクトロニック・アーツ（株）,東京都港区虎ノ門４－３－１　城山トラストタワー東京赤坂法律事務所内,－,199805,35.6646397,139.7430889
103143,他サービス,ウォルト・ディズニー・ジャパン（株）,東京都港区虎ノ門１－２３－１　虎ノ門ヒルズ森タワー,03-6752-2300,199105,35.6668216,139.7494178
104126,医薬品,東菱薬品工業（株）,東京都千代田区有楽町１－１０－１　有楽町ビル,03-3213-3771,195907,35.674941,139.7616168
104302,その他卸売,エイピーピー・ジャパン（株）,東京都品川区東五反田２－１０－２　東五反田スクエア１４階,03-5795-0021,199711,35.6247208,139.7272831
104515,その他卸売,メドトロニックソファモアダネック（株）,東京都港区港南１－２－７０　品川シーズンテラス,03-6774-4606,199601,35.6324899,139.743003
104523,貸金・信販・カード,ＣＦＪ合同会社,東京都新宿区新宿６－２７－３０　新宿イーストサイドスクエア８階,03-6776-8200,199506,35.696585,139.7088723
200306,医薬品卸売,ゲルベ・ジャパン（株）,東京都千代田区麹町６－４－６　ＴＳ麹町ＢＬＤＧ．２階,－,197812,35.6854606,139.7323452
200351,精密機器卸売,カボデンタルシステムズ（株）,東京都品川区北品川４－７－３５　御殿山トラストタワー１５階,0800-888-7480,198312,35.6221677,139.7370215
200617,鉄鋼・金属卸売,アレゲニー・テクノロジーズ・ジャパン（株）,東京都港区南青山２－２－３　ヒューリック青山外苑東通りビル５階,03-5770-3880,197110,35.6714265,139.7242502
200851,化学,ＡＳＫケミカルズジャパン（株）,神奈川県横浜市中区太田町４－５０　馬車道４５０ビル８階,045-227-8130,197312,35.4482885,139.636502
200993,ガラス・土石卸売,バカラパシフィック（株）,東京都港区虎ノ門１－２－８　虎ノ門琴平タワー２１階,03-5510-1451,198312,35.6695311,139.7483983
201228,化学,スリーエムジャパンプロダクツ（株）,東京都品川区北品川６－７－２９,03-6409-3800,197003,35.6237883,139.7338705
202198,化学,日本ペイント・オートモーティブコーティングス（株）,大阪府枚方市招提大谷２－１４－１,072-857-5530,197102,34.8347181,135.6959741
202395,精密機器卸売,エイエムオー・ジャパン（株）,東京都千代田区西神田３－５－２,03-4411-7800,198506,35.6982814,139.7528186
202559,他サービス,イー・エム・シー（株）,東京都中央区日本橋２－１３－１０　日本橋サンライズビル６階,03-3275-2333,198605,35.6804882,139.7755517
202611,貨物運送,フェデラルエクスプレスコーポレーション,千葉県千葉市美浜区中瀬２－６－１　ワールドビジネスガーデンマリブウエスト１０階,0120-003-200,197106,35.6488152,140.039604
202650,情報・システム・ソフト,ムーディーズ・ジャパン（株）,東京都港区愛宕２－５－１　愛宕グリーンヒルズＭＯＲＩタワー２０階,03-5408-4100,198504,35.6621409,139.7488929
204058,他サービス,ケイデンス・デザイン・システムズ（ジャパン）ビー・ヴィ,神奈川県横浜市港北区新横浜２－１００－４５　新横浜中央ビル１６階,045-475-2221,199703,35.507878,139.6174178
207114,輸送機器,ブローゼジャパン（株）,神奈川県横浜市西区みなとみらい３－７－１　オーシャンゲートみなとみらい１１階,050-3138-1390,199309,35.4580313,139.6343461
208103,他金融,タレットプレボン（株）,東京都港区赤坂２－１７－７　赤坂溜池タワー４階,03-5549-8100,198808,35.6711385,139.7392574
208500,情報・システム・ソフト,（株）ノートンライフロック,東京都港区赤坂１－１２－３２　アーク森ビル１２階,03-5114-4000,199409,35.6671134,139.740135
208638,情報・システム・ソフト,ＧＥデジタル・ジャパン（株）,東京都港区赤坂５－２－２０　赤坂パークビル,03-5544-3955,199403,35.6722095,139.7333495
208663,化学,アフトンケミカル・ジャパン（株）,東京都千代田区平河町２－１６－１　平河町森タワー７階,03-5210-4862,199202,35.6796395,139.7414382
209691,情報・システム・ソフト,ジェネシスクラウドサービス（株）,東京都港区虎ノ門４－１－１　神谷町トラストタワー２３階ＷｅＷｏｒｋ内,03-5989-1300,199705,35.6650161,139.7454071
209712,情報・システム・ソフト,スタンダード・アンド・プアーズ・インターナショナル・エル・エル・シー（日本支店）,東京都千代田区丸の内１－６－５　丸の内北口ビル２８階,03-4550-8000,198512,35.683938,139.7668852
209803,その他卸売,（株）フォッシルジャパン,東京都豊島区東池袋３－１－１　サンシャイン６０　１５階,03-4520-2366,199404,35.7284262,139.7205921
210121,機械卸売,ビデオジェット・エックスライト（株）,東京都江東区青海２－５－１０　テレコムセンタービル西棟６階,03-4578-1794,199112,35.6170886,139.7800651
210336,機械,ヴィッテンシュタイン・ターナリー（株）,長野県上田市古里９９－５,0268-29-4620,200001,36.4012867,138.2846419
210338,輸送機器,コンチネンタル・オートモーティブ（株）,神奈川県横浜市神奈川区新浦島町１－１－３２　ニューステージ横浜ビル,045-444-3600,200012,35.4798768,139.6440136
220089,銀行,（株）東京スター銀行,東京都港区赤坂２－３－５,03-3586-3111,200101,35.6713164,139.7416758
220417,輸送機器,日産車体（株）,神奈川県平塚市堤町２－１,0463-21-8001,194904,35.3382825,139.3597209
220421,輸送機器,愛知機械工業（株）,愛知県名古屋市熱田区川並町２－１２,052-681-1111,194905,35.1334426,136.8956755
220431,コンサルティング,日本タタ・コンサルタンシー・サービシズ（株）,東京都港区芝公園４－１－４,03-6736-7000,199604,35.6591406,139.7440765
220522,輸送機器,日産工機（株）,神奈川県高座郡寒川町岡田６－６－１,0467-75-1711,196409,35.3745522,139.3937995
220553,コンサルティング,（株）プラップジャパン,東京都港区赤坂１－１２－３２　アーク森ビル,03-4580-9111,197009,35.6671134,139.740135
220661,その他卸売,ラルフローレン合同会社,東京都千代田区永田町２－１０－１,03-5510-8900,200901,35.6748804,139.7412277
220796,医薬品,（株）中外医科学研究所,静岡県御殿場市駒門１－１３５,0550-87-5425,197204,35.2633736,138.9006212
220807,精密機器卸売,ノウルズ・エレクトロニクス・ジャパン（株）,東京都世田谷区三軒茶屋２－２－１６　ＹＫビル５階,03-5779-8503,198903,35.6408055,139.6682885
220832,レジャー・娯楽,ＮＢＣユニバーサル・エンターテイメントジャパン合同会社,東京都港区愛宕２－５－１　愛宕グリーンヒルズＭＯＲＩタワー８階,－,200109,35.6621409,139.7488929
220945,投信・投資顧問,モーニングスター・アセット・マネジメント（株）,東京都港区六本木１－６－１　泉ガーデンタワー１５階,03-6229-0811,200105,35.664573,139.7395626
222029,その他卸売,イケア・ジャパン（株）,千葉県船橋市浜町２－３－３０　５階,047-436-1009,200207,35.6817357,139.9921427
222175,情報・システム・ソフト,日本瑞友テクノロジー（株）,東京都台東区駒形２－４－１１　ヨシクニ駒形ビル５階,03-5806-1921,200401,35.7062823,139.7946687
222269,食料品卸売,ダニスコジャパン（株）,東京都千代田区永田町２－１１－１　山王パークタワー１０階,03-6550-9605,198308,35.6731479,139.7406938
224068,情報・システム・ソフト,（株）アマデウス・ジャパン,東京都中央区日本橋２－５－１,03-4560-3700,200409,35.6814721,139.7738269
224070,コンサルティング,サヴィルズ・ジャパン（株）,東京都千代田区有楽町２－７－１　有楽町イトシア１５階,03-6777-5100,200408,35.6740999,139.7635067
224072,情報・システム・ソフト,ＶＭｗａｒｅ（株）,東京都港区芝浦３－１－１　田町ステーションタワーＮ１８階,03-4334-5600,200305,35.6447514,139.7493165
224122,機械,不二空機（株）,大阪府大阪市東成区神路２－１－１４,06-6972-2331,194306,34.6762297,135.5542084
224125,情報・システム・ソフト,ＦＰＴジャパンホールディングス（株）,東京都港区芝公園１－７－６　ＫＤＸ浜松町プレイス６階,03-6634-6868,200511,35.6579448,139.7523917
224134,化学卸売,神東アクサルタコーティングシステムズ（株）,東京都江東区東陽３－２３－２２　東陽プラザビル５階,03-5690-0561,199705,35.6697285,139.8141868
224137,情報・システム・ソフト,テックマヒンドラ・リミテッド（日本支店）,東京都港区虎ノ門５－１３－１　虎ノ門４０ＭＴビル６階,03-6402-5921,199900,35.6633809,139.7457635
224302,その他卸売,（株）ジョージ・マタイ・ジャパン,東京都港区南青山５－４－２９　伊万里南青山ビル２階,03-6419-2770,199807,35.6621225,139.714765
224327,コンサルティング,ホーガン・ロヴェルズ法律事務所外国法共同事業,東京都千代田区霞が関１－４－２　大同生命霞が関ビル１５階,03-5157-8200,199011,35.670493,139.7515123
224373,食料品卸売,バリラジャパン（株）,東京都千代田区平河町２－７－３　ＰＭＯ平河町ビル９階,03-3230-8301,199711,35.6790946,139.7402503
224519,情報・システム・ソフト,ＩＨＳマークイットジャパン合同会社,東京都中央区京橋３－１－１　東京スクエアガーデン１２階,03-6262-1700,201810,35.6760575,139.768882
224557,電気機器卸売,セムテック・ジャパン合同会社,東京都中央区京橋３－７－５,03-6670-6526,199612,35.6756561,139.7704542
225044,その他卸売,日本グッドイヤー（株）,東京都港区赤坂１－９－１３　三会堂ビル３階,03-5572-8235,195201,35.6697898,139.7441678
225057,その他卸売,スリーエムジャパン（株）,東京都品川区北品川６－７－２９,0570-022-123,199211,35.6237883,139.7338705
225071,化学,ＤＳＬ．ジャパン（株）,東京都新宿区西新宿２－３－１　新宿モノリス１２階,03-5323-7423,200308,35.6886159,139.6945675
225072,他サービス,ティーペック（株）,東京都台東区上野５－６－１０　ＨＦ上野ビル,03-3839-1100,198906,35.7039464,139.7755517
225119,医薬品,パレクセル・インターナショナル（株）,東京都中央区新川１－２１－２　茅場町タワー１３階,03-3537-5899,199710,35.6770632,139.7858972
229056,他金融,日産ファイナンス（株）,神奈川県横浜市西区高島１－１－１,045-523-5457,198708,35.462995,139.6255452
360165,貸金・信販・カード,（株）東京スター・ビジネス・ファイナンス,東京都新宿区西新宿２－７－１　小田急第一生命ビル１０階,03-5339-5321,197912,35.6915156,139.6913635
380006,証券,シティグループ・ジャパン・ホールディングス合同会社,東京都千代田区大手町１－１－１　大手町パークビルディング,03-6776-6600,199107,35.6866068,139.7628234
381175,電気機器卸売,ｄｔｓ　Ｊａｐａｎ（株）,東京都千代田区丸の内１－８－１　丸の内トラストタワーＮ館１２階,03-5365-3780,200401,35.6832253,139.7697606
392553,他小売,インビザライン・ジャパン（株）,東京都品川区上大崎３－１－１,0120-944-187,200205,35.6335701,139.7162097
392559,コンサルティング,クロール（株）,東京都千代田区内幸町２－２－２　富国生命ビル２２階,03-3593-0101,200602,35.6705752,139.7553851
392600,損害保険,Ｃｈｕｂｂ少額短期保険（株）,東京都品川区北品川６－７－２９　ガーデンシティ品川御殿山,03-6364-7300,200610,35.6239862,139.7333701
392631,機械,サンドビックツーリングサプライジャパン（株）,宮城県栗原市瀬峰新田沢２４,0228-38-3155,197609,38.667584,141.0750903
392642,化学卸売,ロックウッドリチウムジャパン（株）,東京都港区赤坂７－１－１　青山安田ビル１１階,03-6434-5634,199403,35.6744716,139.7306754
392680,その他卸売,フィッシャー・ジャパン（株）,東京都千代田区九段南３－４－１５　プロンテ九段ビル３階,03-3263-4491,200701,35.6922513,139.7420303
392706,情報・システム・ソフト,ニュータッチイノベーション（株）,東京都港区芝１－９－３　芝マツラビル４階,03-6809-4521,200501,35.6514562,139.7550235
392838,機械卸売,グラボテック（株）,兵庫県西宮市高畑町１－２５,0798-63-6282,199902,34.7399007,135.3605394
392841,旅行,（株）ＨＡＮＡＴＯＵＲ　ＪＡＰＡＮ,東京都新宿区新宿２－３－１５　大橋御苑ビル,03-6629-4760,200509,35.6889481,139.7083298
402862,情報・システム・ソフト,Ｓａｓｋｅｎ　Ｔｅｃｈｎｏｌｏｇｉｅｓ　Ｌｔｄ．（日本支社）,東京都港区港南２－１５－１　品川インターシティＡ棟２８階,03-6717-6790,201210,35.627518,139.7420043
402864,情報・システム・ソフト,エスアールエムテクノロジーズプライベートリミテッド（日本支社）,東京都江東区木場２－７－１５　第一びる別館北棟６階,03-5941-5840,199905,35.6701736,139.8042911
402879,その他卸売,フィスラージャパン（株）,東京都千代田区神田錦町２－２－１　ＫＡＮＤＡ　ＳＱＵＡＲＥ１１階,03-6275-0750,198709,35.6931252,139.7632042
402880,その他卸売,（株）エコーネス,東京都中央区京橋３－７－５　近鉄京橋スクエア５階,03-3538-1411,200303,35.675572,139.770437
402934,食料品,オレンジベイフーズ（株）,愛媛県八幡浜市保内町宮内１－２８９－１,0894-36-1338,200905,33.4833532,132.4076468
402949,情報・システム・ソフト,アルデック・ジャパン（株）,東京都品川区東五反田１－７－１１　ＡＩＯＳ五反田アネックス４階,03-6277-2850,200704,35.6276574,139.7262855
402964,機械卸売,ケーエッチエス・ジャパン（株）,大阪府大阪市淀川区十八条３－９－３５　秀幸産業第一倉庫,06-6150-1001,199011,34.7469551,135.4882871
402965,機械卸売,ジョンソンヘルステックジャパン（株）,東京都港区海岸３－９－１５　Ｌｏｏｐ－Ｘビル７階,03-5419-3560,200403,35.6386114,139.7540359
402977,コンサルティング,チャールス・テイラー・ジャパン（株）,東京都千代田区神田錦町２－１－８　竹橋ビル６階,03-3518-9601,197504,35.6924506,139.7634709
402982,食料品卸売,（株）五星コーポレーション,埼玉県さいたま市桜区町谷４－１４－１５,048-430-0055,199905,35.8543551,139.6203696
403012,他小売,インターフォージャパンリミテッド（日本支社）,東京都中央区日本橋人形町１－７－７　笠原ビル６階,03-5641-2351,193607,35.6849651,139.7825617
403019,化学卸売,ケムトレンドジャパン（株）,兵庫県神戸市中央区東川崎町１－３－３　神戸ハーバーランドセンタービルオフィス棟１６階,078-361-9700,200106,34.6788737,135.1806595
403026,情報・システム・ソフト,ノキアソリューションズ＆ネットワークス合同会社,東京都港区六本木６－１０－１　六本木ヒルズ森タワー,03-5474-6400,198904,35.6607345,139.7292066
403031,情報・システム・ソフト,パロアルトネットワークス（株）,東京都千代田区内幸町２－１－６　日比谷パークフロント１５階,03-6205-8061,200906,35.6708752,139.7536284
403058,電気機器卸売,日本ラントロニクス（株）,東京都港区虎ノ門４－３－１　城山トラストタワー東京赤坂法律事務所内,－,200302,35.6646397,139.7430889
403068,食料品卸売,ケミン・ジャパン（株）,東京都千代田区五番町１２　五番町Ｋビル４階,03-3239-2521,200008,35.6895364,139.7337686
403074,情報・システム・ソフト,クエスト・ソフトウェア（株）,東京都新宿区西新宿６－１０－１　日土地西新宿ビル１３階,03-5908-3505,199802,35.6946036,139.6907536
403111,その他卸売,バウシュ咬合紙ジャパン（株）,大阪府池田市城南１－４－２,072-737-9501,200707,34.8220412,135.4292219
403117,情報・システム・ソフト,ＴＳ　ＩＭＡＧＩＮＥ　Ｊａｐａｎ（株）,東京都港区六本木２－２－８　オーキッドプレイス六本木６階,03-6704-4334,200708,35.6672608,139.7387344
403125,情報・システム・ソフト,ｃｏｃｏｎｅ　ｆｕｋｕｏｋａ（株）,福岡県福岡市博多区博多駅東２－１３－３４　エコービル４階,－,200901,33.58859582,130.4271646
403139,航空,ガルーダ・インドネシア（東京支店）,東京都千代田区丸の内３－３－１　新東京ビル,03-3240-6152,196200,35.677514,139.7624926
403145,海運,ストルトニールセン・ジャパン（株）,東京都港区芝公園３－１－１３　アーバン芝公園ビル４階,03-6841-7001,199501,35.6604738,139.7486112
403162,通信・放送,アイピースタージャパン（株）,東京都新宿区西新宿２－７－１　小田急第一生命ビル,03-6279-0932,201304,35.6915156,139.6913635
403165,他サービス,（株）クリムゾンインタラクティブ・ジャパン,東京都千代田区外神田２－１４－１０　第２電波ビル４階,03-3525-8001,200904,35.7024481,139.7691397
403169,映像・音楽,Ｄａｇｍｕｓｉｃ（有）,東京都中野区弥生町４－３５－２,－,200407,35.6889539,139.6705703
403175,他サービス,Ｓｔｒａｋｅｒ　Ｊａｐａｎ（株）,東京都新宿区西新宿１－２６－２　新宿野村ビル３２階,03-5322-1334,200305,35.6929509,139.6953653
403192,情報・システム・ソフト,リバーベッド・テクノロジー（株）,神奈川県横浜市西区みなとみらい３－７－１　オーシャンゲートみなとみらい８階,－,200512,35.4580313,139.6343461
403193,情報・システム・ソフト,ビューロー・ヴァン・ダイク・エレクトロニック・パブリッシング（株）,東京都港区愛宕２－５－１　愛宕グリーンヒルズＭＯＲＩタワー２０階,03-5708-4280,201004,35.6621409,139.7488929
403196,情報・システム・ソフト,情報テクノロジー（株）,東京都港区虎ノ門５－１３－１　虎ノ門４０ＭＴビル７階,03-4540-6123,199909,35.6633809,139.7457635
403202,情報・システム・ソフト,エメッセリーコンピューターソリューションズ（株）,東京都中野区東中野３－１９－１３　ビューステージ鈴木２階,03-3365-1978,199711,35.7088152,139.6802302
403203,情報・システム・ソフト,（株）エヌフォー,東京都渋谷区千駄ケ谷３－１３－２２　第２５宮廷マンション９０１,03-5411-7738,199407,35.676844,139.7059165
403206,情報・システム・ソフト,Ｈｙｐｏｔｉｚｅ（株）,神奈川県三浦市初声町下宮田１６０－２,046-876-6777,200605,35.1682861,139.6386936
403209,他サービス,Ｐ．Ｊ．　Ｐａｒｋｅｒ（株）,東京都三鷹市井の頭３－１７－２１,050-5532-3700,200107,35.6935683,139.5806433
403226,他小売,ＡＦＨ　Ｊａｐａｎ合同会社,東京都中央区銀座６－９－１０,03-6252-1892,200912,35.669641,139.7630316
403229,医薬品,ラボコープ・ディベロップメント・ジャパン（株）,東京都中央区晴海１－８－１１　晴海トリトンスクエアオフィスタワーＹ８階,03-6837-9500,200406,35.6573718,139.7827814
403236,ホテル,（株）イシン・ホテルズ・グループ,東京都中央区銀座１－２－３,－,200101,35.675156,139.7679055
403247,精密機器卸売,クックメディカルジャパン合同会社,東京都中野区中野４－１０－１　中野セントラルパークイースト,03-6853-9700,200406,35.7078871,139.6629152
403262,海運,フェドナヴアジアリミテッド（日本支店）,東京都港区愛宕２－５－１　愛宕グリーンヒルズＭＯＲＩタワー２５階,03-5401-5780,195606,35.6621409,139.7488929
403264,通信・放送,オービチューン（株）,東京都渋谷区渋谷１－２０－２１,03-6890-8669,199107,35.6625402,139.7034681
403270,コンサルティング,Ｋｉｎｇ　＆　Ｗｏｏｄ　Ｍａｌｌｅｓｏｎｓ法律事務所（外国法共同事業）,東京都千代田区丸の内３－２－３　丸の内二重橋ビル２１階,03-5218-6711,200501,35.6777775,139.7615096
403272,コンサルティング,中国専利代理（香港）（有）（東京事務所）,東京都中央区京橋２－７－１４　ビュレックス京橋ビル８１１,03-6263-2418,198901,35.6768545,139.7713181
403297,食料品卸売,デニッシュクラウン・ジャパン（株）,東京都港区虎ノ門５－１３－１　虎ノ門４０ＭＴビル９階,03-5404-4221,200705,35.6633809,139.7457635
403298,繊維・衣服卸売,エコー・ジャパン（株）,東京都千代田区永田町２－１０－３　東急キャピトルタワー１３階,－,200710,35.6739689,139.7407736
403301,広告,ネクスト・インク（株）,東京都港区三田２－１０－５　エルアルカサル三田２０２,03-6436-4270,198802,35.6507137,139.7445459
403309,情報・システム・ソフト,ファステムズ（株）,神奈川県横浜市鶴見区鶴見中央１－２３－１４　セザール第三鶴見３０１,－,200901,35.5093443,139.6797118
403336,精密機器卸売,日本マーチン（株）,東京都文京区西片１－１５－１５,03-3814-1431,199502,35.7121382,139.7530102
403338,投資業等,アリアンツ・グローバル・インベスターズ・ジャパン（株）,東京都港区六本木１－４－５　アークヒルズサウスタワー１９階,03-6229-0200,200404,35.6656056,139.7394165
403342,機械卸売,トムラ・ジャパン（株）,東京都中央区八丁堀４－８－２　いちご桜橋ビル２階,03-6222-9901,200807,35.6744204,139.7762107
403354,電気機器卸売,アルテミデ・ジャパン（株）,東京都渋谷区富ヶ谷１－４１－７　クリサンテ２０１３号室,03-5738-7410,200603,35.6664994,139.690958
403358,精密機器卸売,日本リマ（株）,東京都品川区東品川２－３－１４,03-5322-1115,200409,35.6241097,139.7505859
403368,石油・燃料卸売,日伯エタノール（株）,東京都中央区日本橋小舟町６－６　小倉ビル,03-3669-9500,200603,35.687208,139.7779082
403374,輸送用機器卸売,マレリ横浜（株）,神奈川県横浜市港北区新横浜２－３－１２　新横浜スクエアビル１３階,045-478-0045,200712,35.5079183,139.6151679
403382,精密機器,ハンナインスツルメンツ・ジャパン（株）,千葉県千葉市美浜区中瀬１－６　エム・ベイポイント幕張１４階－ＥＮ,043-216-2601,198806,35.6527967,140.0391412
403389,その他卸売,ＷＣＱジャパン（株）,神奈川県横浜市中区長者町５－８５　三共横浜ビル　９階,045-315-4541,200706,35.4422397,139.6322186
403392,機械卸売,シュネル・ジャパン（株）,大阪府大阪市北区中之島２－３－３３,06-6208-6603,199609,34.6936894,135.4974167
403401,情報・システム・ソフト,キングソフト（株）,東京都港区赤坂４－１５－１　赤坂ガーデンシティ４階,03-3582-8230,200503,35.6742711,139.7314575
403407,他サービス,イー・エフ・エデュケーション・ファースト・ジャパン（株）,東京都渋谷区渋谷２－１５－１　渋谷クロスタワー２７階,050-1743-1440,197305,35.6587806,139.705258
403415,電気機器卸売,クリーンエア・スカンジナビア（株）,東京都港区東新橋１－５－２　汐留シティセンター１０階,03-6274-6385,200808,35.6654972,139.7608806
403422,食料品卸売,マルレ（株）,東京都港区西新橋２－１９－４　喜助西新橋ビル６階,03-5733-5563,199701,35.6660464,139.7517618
403429,情報・システム・ソフト,エフティーエスイー・ジャパン・リミテッド（東京オフィス）,東京都千代田区大手町１－５－１　大手町ファーストスクエアイーストタワー１１階,03-4563-6346,200211,35.6857768,139.7640245
403441,食料品,（株）ウィスク・イー,東京都千代田区神田和泉町１－８－１１　４階,03-3863-1501,200009,35.699607,139.7773678
403468,投資業等,シーヴィーシー・アジア・パシフィック・ジャパン（株）,東京都千代田区霞が関３－２－５　霞が関ビル３２階,03-4563-9300,200512,35.671183,139.7472406
403482,情報・システム・ソフト,ウィプロ・ジャパン（株）,神奈川県横浜市西区みなとみらい２－２－１　横浜ランドマークタワー２６階,045-650-3950,199804,35.4545635,139.6314218
410002,食料品卸売,（株）アオゾラ・ジャパン,兵庫県神戸市中央区東川崎町１－３－３　神戸ハーバーランドセンタービル１１階,078-371-8500,200911,34.6788737,135.1806595
410008,他サービス,（株）ウィリアムズ・リー・ジャパン,東京都品川区北品川４－７－３５　御殿山トラストタワー３階,03-5792-5050,200112,35.6221677,139.7370215
410050,機械,ペーパー・コンバーティング・マシン・カンパニー・ファー・イースト・インコーポレイテッド（日本支店）,神奈川県横浜市中区本町４－４３　Ａ－ＰＬＡＣＥ馬車道９階,045-671-5461,197608,35.449142,139.637439
410051,情報・システム・ソフト,（株）イーエムネットジャパン,東京都新宿区西新宿６－１０－１　日土地西新宿ビル,03-6279-4111,201304,35.6946036,139.6907536
410054,情報・システム・ソフト,シーガルサイエンティフィックアジアパシフィック（株）（日本支社）,東京都中央区日本橋小伝馬町７－１０,03-4567-0091,200309,35.6922109,139.7786732
410062,コンサルティング,ジャパン　インターカルチュラル　コンサルティング（日本支店）,東京都港区海岸１－２－３　汐留芝離宮ビル２１階,03-5403-5926,199911,35.6572058,139.758637
410072,他サービス,プロハント（株）,東京都港区芝浦３－１－１　田町ステーションタワーＮ３０階,03-4531-2916,199900,35.6447514,139.7493165
410073,電気機器卸売,ルートロンアスカ（株）,東京都港区赤坂２－２－１９　アドレスビル５階,03-6866-8444,199201,35.6718472,139.7420111
410075,精密機器卸売,マシモジャパン（株）,東京都新宿区北新宿２－２１－１　新宿フロントタワー２４階,03-3868-5201,200104,35.6960654,139.6893826
410095,精密機器卸売,アイデンティブ（株）,東京都港区芝４－３－２三田富洋６０８,03-6414-6611,199112,35.6490944,139.7503944
410097,精密機器,エドモンド・オプティクス・ジャパン（株）,東京都文京区本駒込２－２９－２４　パシフィックスクエア千石４階,03-3944-6210,199501,35.7286623,139.7445659
410122,不動産,ＥＳＲ（株）,東京都港区虎ノ門４－１－１７　神谷町プライムプレイスビル３階,03-4578-7121,200605,35.6650759,139.7440868
410128,機械卸売,ＢＮＬジャパン（株）,東京都中央区日本橋箱崎町８－１　ヤマタネ箱崎ビル７階,03-5652-5557,200108,35.678844,139.7850583
410133,電気機器卸売,フリアーシステムズジャパン（株）,東京都品川区上大崎２－１３－１７　目黒東急ビル５階,03-6721-6648,200604,35.6351186,139.718504
410136,情報・システム・ソフト,エフアイエス・ジャパン（株）,東京都千代田区大手町１－３－１　ＪＡビル１２階,03-4570-3000,200101,35.6887292,139.7627321
410146,他サービス,ベリシリコン（株）,東京都港区港南１－９－３６　アレア品川１３階,050-5213-0266,200500,35.6300683,139.7413325
410151,他製造業,（株）本間ゴルフ,東京都港区六本木６－１０－１　六本木ヒルズ森タワー３５階,03-6864-1111,195902,35.6607345,139.7292066
410161,精密機器,イエナオプティックジャパン（株）,神奈川県横浜市港北区新横浜２－３－８,045-670-9140,200508,35.5080093,139.6148356
410163,精密機器卸売,（株）スマートプラクティスジャパン,神奈川県大和市大和東２－２－１３　アサヒヤマトビル２階,－,200107,35.4716544,139.4622004
410188,情報・システム・ソフト,サイトコア（株）,東京都港区南青山２－１１－１６　ＭＥＴＬＩＦＥ青山ビル３階,03-5413-6900,201001,35.671369,139.7213424
410191,輸送機器,日興電機工業（株）,神奈川県秦野市菩提９０,0463-75-0010,193302,35.3898946,139.2019777
410193,投資業等,（株）ＫＫＲジャパン,東京都千代田区丸の内２－１－１　明治安田生命ビル１１階,03-6268-6000,200509,35.6791077,139.7621731
410199,医薬品,スキャンポファーマ合同会社,東京都千代田区大手町２－６－４　常盤橋タワー９階,－,200209,35.6844018,139.7704367
410200,他サービス,ペリージョンソンラボラトリーアクレディテーションインク（日本支社）,東京都渋谷区広尾１－１－３９　恵比寿プライムスクエアタワー９階,03-5774-9690,200904,35.650109,139.7125988
410203,情報・システム・ソフト,イーロックジャパン（株）,東京都渋谷区神宮前２－１３－１８　木村ビル２階,03-6277-1269,200606,35.6750606,139.7121799
410204,情報・システム・ソフト,ＡＤＬＩＮＫジャパン（株）,東京都千代田区神田鍛冶町３－７－４　ＫＤＸ神田駅前ビル４階,03-4455-3722,200704,35.6931919,139.7704195
410208,情報・システム・ソフト,Ｍｏｎｏｔｙｐｅ（株）,東京都千代田区五番町１－９　ＭＧ市ヶ谷ビル５階,03-5275-6251,200412,35.6908088,139.7364029
410225,情報・システム・ソフト,日本ニューメリカルアルゴリズムズグループ（株）,東京都中央区八丁堀４－９－９　八丁堀フロンティアビル２階,03-5542-6311,199405,35.6742307,139.7776215
410234,他サービス,ＣＣＩＣ・ＪＡＰＡＮ（株）,東京都中央区日本橋茅場町２－７－１　ＣＣＩＣビル,03-3662-2663,200506,35.679694,139.779225
410237,情報・システム・ソフト,Ｒｅｋｏｏ　Ｊａｐａｎ（株）,東京都渋谷区南平台町６－１１,－,200910,35.6543031,139.6976571
410239,情報・システム・ソフト,アクロニス・ジャパン（株）,東京都港区六本木６－１０－１　六本木ヒルズ森タワー３７階,03-4572-2500,200809,35.6607345,139.7292066
410240,輸送用機器卸売,マセラティジャパン（株）,東京都港区芝５－３６－７　三田ベルジュビル,0120-965-120,201004,35.6448154,139.7448458
410243,情報・システム・ソフト,アクロリンクス（株）,東京都渋谷区恵比寿４－２０－３　恵比寿ガーデンプレイスタワー１８階,03-5789-5973,201001,35.6422106,139.7134456
410254,情報・システム・ソフト,ティーティーテックジャパン（株）,愛知県名古屋市中村区名駅南２－１４－１９　住友生命名古屋ビル２階,052-485-5898,200200,35.1653817,136.8863928
410255,情報・システム・ソフト,日本ファインアート（株）,東京都新宿区西新宿６－１６－６　新宿タツミビル１０階,03-5909-1888,201010,35.6917166,139.6877474
410256,情報・システム・ソフト,トラベルポート・サービセズ・リミテッド（日本支社）,東京都品川区大崎１－１１－２　ゲートシティ大崎イーストタワー２３階,03-5740-0209,199800,35.6186335,139.7319993
410268,他製造業,ＤＲＥＡＭ　ＩＮＴＥＲＮＡＴＩＯＮＡＬ　ＬＩＭＩＴＥＤ（日本支社）,東京都中央区湊２－２－８　ＣＫビル６階,03-3553-0160,‥,35.6716541,139.7782519
410269,化学卸売,ハンファトタルジュシクフェサ（日本支店）,東京都港区虎ノ門４－２－１２　虎ノ門４丁目ＭＴビル２号館９階,03-6369-6067,201410,35.6641737,139.7456066
410276,電気機器卸売,Ａｖｅｒｎａ　Ｔｅｃｈｎｏｌｏｇｉｅｓ　Ｉｎｃ．（日本支店）,神奈川県横浜市中区元浜町３－２１－２　ヘリオス関内ビル,045-222-3242,201004,35.4494029,139.6395902
410289,情報・システム・ソフト,オートフォームジャパン（株）,東京都港区東新橋２－３－１７　ＭＯＭＥＮＴＯ　ＳＨＩＯＤＯＭＥ　３階,03-6459-0881,200702,35.6621933,139.7581002
410297,コンサルティング,ハンドジャパン（株）,東京都中央区京橋１－２－５　京橋ＴＤビル７階,03-6225-2985,200708,35.6788546,139.770759
410307,機械卸売,エックスアロイジャパン（株）,東京都品川区勝島１－５－２１　勝島２０号倉庫２階,03-5762-2776,199500,35.5960853,139.7460912
410309,他サービス,（株）Ｃ＆Ｃプリンティングジャパン,東京都中央区銀座７－１７－１８　ジュエルビル銀座３階,03-6264-3751,199403,35.6666015,139.766095
410310,映像・音楽,Ｄｏｌｂｙ　Ｊａｐａｎ（株）,東京都中央区築地１－１３－１４　ＮＢＦ東銀座スクエア３階,03-4571-1553,200710,35.6678195,139.7697207
410326,情報・システム・ソフト,日本ティーマックスソフト（株）,東京都港区芝４－１３－４　田町第１６藤島ビル４階,03-5765-2550,200007,35.6477962,139.7499753
410338,繊維・衣服卸売,（株）モンクレールジャパン,東京都港区北青山３－６－７　青山パラシオタワー９階,03-3486-2300,200904,35.6653755,139.7113221
410348,輸送用機器卸売,ＫＩＲＣＨＨＯＦＦ　Ａｕｔｏｍｏｔｉｖｅ　Ｊａｐａｎ（株）,兵庫県神戸市中央区磯上通４－１－１４　三宮スカイビル　１２０ＷＯＲＫ　ＰＬＡＣＥ　ＫＯＢＥ,－,201001,34.6924829,135.199985
410351,精密機器卸売,シュンク・ジャパン（株）,東京都品川区南品川２－２－１３　南品川ＪＮビル１階,03-6451-4321,194905,35.6130591,139.7419852
410352,情報・システム・ソフト,クリックテック・ジャパン（株）,東京都港区六本木１－６－１　泉ガーデンタワー１０階,03-6277-7079,201001,35.664573,139.7395626
410370,他サービス,インターテックジャパン（株）,東京都港区海岸３－１８－１,03-6435-3434,200101,35.6447287,139.756577
410375,旅行,（株）ＫＯＮＩ　ＣＯＭＭＵＮＩＣＡＴＩＯＮＳ,東京都千代田区神田美土代町１１－７　神田美土代ビル２階,03-6811-7090,200907,35.6939887,139.7662562
410377,情報・システム・ソフト,（株）ＥｎｇｌｉｓｈＣｅｎｔｒａｌ,東京都台東区花川戸１－２－６,050-3802-3236,200909,35.7112613,139.7984153
410378,電気機器卸売,トリナ・ソーラー・ジャパン（株）,東京都港区六本木３－２－１　住友不動産六本木グランドタワー３２階,03-6435-9007,201002,35.6646782,139.7378198
410390,他サービス,シェルジャパン（株）,東京都千代田区丸の内１－１１－１　パシフィックセンチュリープレイス丸の内１２階,03-3218-1771,200512,35.6780553,139.7668852
410393,精密機器,（株）ＨｕＢＤＩＣ－Ｇｌｏｂａｌ,兵庫県神戸市中央区海岸通３－１－１　ＫＣＣビル４階エリンサーブ内,－,201003,34.6859601,135.1872182
410394,その他卸売,北杜林（株）,兵庫県神戸市中央区海岸通３　シップ神戸海岸ビル,078-306-1868,200502,34.6864509,135.1907121
410429,精密機器卸売,スミス・アンド・ネフュー（株）,東京都港区芝公園２－４－１　芝パークビルＡ館３階,－,198710,35.6556229,139.7522709
420008,情報・システム・ソフト,ＮＨＮ　テコラス（株）,東京都港区虎ノ門１－２３－１　虎ノ門ヒルズ森タワー２２階,03-5155-0111,200704,35.6668216,139.7494178
420012,機械,ピエルブルグ・ミクニ・ポンプ・テクノロジー（株）,神奈川県小田原市久野２４８０　（株）ミクニ小田原事業所内,050-3803-2746,201101,35.274209,139.132019
420013,情報・システム・ソフト,インフォマティカ・ジャパン（株）,東京都港区愛宕２－５－１　愛宕グリーンヒルズＭＯＲＩタワー２６階,03-6403-7600,200401,35.6621409,139.7488929
420028,精密機器,ＮＳＦＯＣＵＳジャパン（株）,東京都千代田区大手町１－５－１　大手町ファーストスクエアイーストタワー４階,03-5219-1339,201101,35.6857768,139.7640245
420030,精密機器卸売,リシャールミルジャパン（株）,東京都千代田区霞が関３－２－１,03-5511-1555,201006,35.6717955,139.7479434
420033,電気機器卸売,ＴＤ　ＳＹＮＮＥＸ（株）,東京都江東区東陽６－３－１　東京イースト２１ビジネスセンター２階,03-5665-8511,196210,35.6751759,139.8143296
420037,証券,ウェルズ・ファーゴ証券（株）,東京都千代田区丸の内１－８－３　丸の内トラストタワー本館２４階,03-6870-7500,200705,35.6823799,139.7694411
420039,証券,ジャパンネクスト証券（株）,東京都港区六本木３－１－１　六本木ティーキューブ２０階,03-4577-4040,200611,35.6654442,139.7382988
420042,他製造業,日立ＧＥニュークリア・エナジー（株）,茨城県日立市幸町３－１－１,0294-22-1000,200707,36.5844212,140.6575306
420044,投信・投資顧問,ノーザン・トラスト・グローバル・インベストメンツ（株）,東京都港区六本木１－９－１０　アークヒルズ仙石山森タワー,03-5575-5780,200211,35.6636616,139.7417629
420048,コンサルティング,エマーゴ・ジャパン・コンサルティング（株）,東京都千代田区丸の内１－８－３　丸の内トラストタワー本館６階（（株）ＵＬ　Ｊａｐａｎ内）,03-5293-6670,201001,35.6823799,139.7694411
420050,他金融,タレットプレボンＥＴＰ（株）,東京都港区赤坂２－１７－７　赤坂溜池タワー４階,03-5549-8100,200208,35.6711385,139.7392574
420054,化学卸売,オーピーアイジャパン（株）,東京都新宿区西新宿３－２０－２　東京オペラシティタワー２７階,03-6632-4432,199904,35.682955,139.6867214
420059,航空,アエロメヒコ航空（日本支社）（登記社名　ＡＥＲＯＶＩＡＳ　ＤＥ　Ｍｅｘｉｃｏ，Ｓ．Ａ　ｄｅ　Ｃ．Ｖ．）,東京都千代田区,0570-783-057,201005,35.6940309,139.7537719
420062,化学,Ｐ＆Ｇイノベーション合同会社,兵庫県神戸市中央区小野柄通７－１－１８,078-336-6000,200902,34.6933173,135.1960939
420072,医薬品,レオ　ファーマ（株）,東京都千代田区神田神保町１－１０５　神保町三井ビルディング９階,03-5809-2468,201006,35.6942485,139.7605759
420075,その他卸売,三能ジャパン食品器具（株）,東京都千代田区麹町３－５－２　ビュレックス麹町５０２,03-6272-4777,201008,35.683405,139.7388177
420079,コンサルティング,アシャースト法律事務所・外国法共同事業（登記社名　Ａｓｈｕｒｓｔ　ＬＬＰ）,東京都港区虎ノ門４－３－１　城山トラストタワー３０階,03-5405-6200,201004,35.6646397,139.7430889
420080,コンサルティング,フレッシュフィールズブルックハウスデリンガー法律事務所（外国法共同事業）,東京都港区赤坂５－３－１　赤坂Ｂｉｚタワー３６階,03-3584-8500,198800,35.673175,139.7363593
420086,医薬品,ヴィーブヘルスケア（株）,東京都港区赤坂１－８－１　赤坂インターシティＡＩＲ,03-4231-5150,200911,35.6697533,139.7431185
420087,他金融,ＣＭＥ　ＧＲＯＵＰ　ＪＡＰＡＮ（株）,東京都千代田区霞が関３－２－５　霞が関ビルディング６階６２２号室,03-5511-6656,201201,35.671183,139.7472406
420093,機械卸売,（株）グローバルテクノス,大阪府大阪市東淀川区東中島２－９－１５　大和生ビル９０６,06-6195-2071,200308,34.7284071,135.503798
420098,証券,フィリップ証券（株）,東京都中央区日本橋兜町４－２,03-3666-2321,194404,35.6824266,139.778115
420106,証券,モルガン・スタンレー・ホールディングス（株）,東京都千代田区大手町１－９－７　大手町フィナンシャルシティ　サウスタワー,03-6836-5000,200710,35.687589,139.765773
420113,輸送用機器卸売,スカニアジャパン（株）,東京都港区芝４－４－２０　グーゴルプレックス・ミレニアムビル７階,03-6735-3535,201008,35.6482234,139.7491169
420118,電気機器,Ｔｉａｎｍａ　Ｊａｐａｎ（株）,神奈川県川崎市幸区鹿島田１－１－２　新川崎三井ビル　ウエストタワー２８階,044-330-9933,200304,35.549808,139.6737985
420120,情報・システム・ソフト,Ｖｅｅｖａ　Ｊａｐａｎ（株）,東京都渋谷区恵比寿１－１９－１９　恵比寿ビジネスタワー５階,03-6721-9800,201104,35.6475266,139.7125988
420129,電気機器卸売,ベッコフオートメーション（株）,神奈川県横浜市中区桜木町１－１－８　日石横浜ビル１８階,045-650-1612,201103,35.4539077,139.6301468
420131,他サービス,インパラ・プラチナム・ジャパン（株）,東京都千代田区内幸町１－３－３　内幸町ダイビル７０２,03-3504-0712,196900,35.6693995,139.7569121
420132,機械卸売,Ｕｐｓｏｌａｒ　Ｊａｐａｎ（株）,東京都千代田区神田神保町１－１３　Ｃｏｎｖｅｘ神保町１０階,03-3518-9768,201008,35.6964516,139.7597872
420133,電気機器卸売,ＡＩＴジャパン（株）,東京都品川区北品川３－６－６　品川御殿山ビル８階,03-6479-5997,200503,35.6202697,139.7397567
420142,電気機器卸売,ハーマンインターナショナル（株）,東京都千代田区神田練塀町３００　住友不動産秋葉原駅前ビル１４階,03-5256-3300,197100,35.6998224,139.7747035
420144,航空,ジェットスター・ジャパン（株）,千葉県成田市成田国際空港　第３ターミナルビル内,－,201109,35.7790026,140.3840664
420145,電気機器卸売,ＡＡＣ　Ｔｅｃｈｎｏｌｏｇｉｅｓ　ＰＴＥ．ＬＴＤ．（東京支店）,東京都中央区日本橋小伝馬町１６－６　香取ビル４階,03-3669-6610,201004,35.6922069,139.7796857
420149,鉄鋼・金属卸売,ＬＥＯＮＩ　Ｗｉｒｅ＆Ｃａｂｌｅ　Ｓｏｌｕｔｉｏｎｓ　Ｊａｐａｎ（株）,神奈川県厚木市妻田西１－３１－４０,－,201001,35.4589644,139.3549044
420159,他金融,（株）ゴードン・ブラザーズ・ジャパン,東京都千代田区大手町１－６－１　大手町ビル３階,03-3518-9450,200607,35.6864055,139.7648086
420163,情報・システム・ソフト,セレゴ・ジャパン（株）,東京都渋谷区渋谷３－２６－１６　第５叶ビル,－,200003,35.6541654,139.7055971
420190,電力・ガス,ビーシーピージージャパン（株）,東京都港区赤坂１－１１－４４　赤坂インターシティ６階,03-5572-6363,201006,35.6688986,139.7425432
430001,他サービス,Ｖｉｄｙｏ　Ｊａｐａｎ（株）,東京都中央区京橋２－７－１４　Ｂｕｒｅｘ京橋８階,03-6802-7076,201110,35.6768545,139.7713181
430002,化学卸売,パネルジャパン（株）,東京都千代田区麹町１－３－２３　麹町１丁目３番地ビル７０１号室,03-6261-7941,201103,35.683905,139.7418514
430004,食料品卸売,（株）ＧｏｌｄｅｎＢｉｏｔｅｃｈｎｏｌｏｇｙ　Ｊａｐａｎ,東京都中央区日本橋蛎殻町２－１３－３　日本橋梶原ビル３階,03-6231-0725,201104,35.6842844,139.7858772
430005,他製造業,スパルジャパン（株）,東京都品川区東五反田１－５－４,03-6324-6104,201104,35.6270093,139.7264608
430007,医薬品,ワクチノーバ（株）,東京都港区浜松町１－２４－８　オリックス浜松町ビル４階,03-6895-3710,201103,35.657292,139.7567027
430008,他製造業,Ａｎｄｒｅｕ　Ｗｏｒｌｄ　Ｐａｃｉｆｉｃ（株）,東京都港区南青山２－１９－６　Ｒａｔｉｏ南青山,03-6804-2966,201103,35.6699834,139.7199405
430011,他サービス,Ｔｉｎｏ　Ｋｗａｎ　Ｌｉｇｈｔｉｎｇ　Ｃｏｎｓｕｌｔａｎｔｓ　Ｌｉｍｉｔｅｄ（日本事務所）,佐賀県伊万里市伊万里町甲４２８,－,201106,33.2735667,129.8784056
430013,精密機器卸売,クロマジャパン（株）,神奈川県横浜市港北区新羽町８８８,045-542-1118,200805,35.5244943,139.613258
430017,他製造業,プロトマニュファクチュアリング（株）,愛知県稲沢市奥田中切町８２,058-781-6531,200910,35.2310174,136.811361
430019,鉱業,クライマックス　モリブデン　アジアコーポレーション（日本事務所）,東京都千代田区丸の内１－８－１　丸の内トラストタワーＮ館１７階,03-6213-0670,198612,35.6832253,139.7697606
430020,他サービス,ＭＢ　Ｊａｐａｎ（株）,埼玉県新座市堀ノ内１－５－３５,048-423-2298,201001,35.7767069,139.5662342
430021,ホテル,Ｆｒａｓｅｒｓ　Ｈｏｓｐｉｔａｌｉｔｙ　Ｊａｐａｎ（株）,大阪府大阪市浪速区難波中１－１７－１１,06-6635-7111,200910,34.6632645,135.5004629
430023,他サービス,ＫＰＭＧジャパン（本部）,東京都新宿区津久戸町１－２　あずさセンタービル,03-3266-7500,200304,35.7023905,139.7414522
430024,人材派遣・業務請負,Ａｌｌｅｇｉｓ　Ｇｒｏｕｐ　Ｊａｐａｎ（株）,東京都港区赤坂２－１４－３２　赤坂２．１４プラザビル２階,03-4588-7444,200708,35.6725321,139.7374606
430025,他サービス,ＶｅｇａＰｒｏｊｅｃｔ（株）,東京都中央区日本橋本町１－２－６　日本橋本町スクエア５階,03-4578-3400,201102,35.68558,139.7764379
430026,電気機器卸売,Ａｎｉｘｔｅｒ　Ｊａｐａｎ（株）,東京都港区赤坂４－７－１５　赤坂丹後ビル６階,03-6893-5555,200803,35.6754294,139.7339977
430036,コンサルティング,Ｋ＆Ｌ　Ｇａｔｅｓ外国法共同事業法律事務所,東京都港区虎ノ門１－２３－１　虎ノ門ヒルズ森タワー２８階,03-6205-3600,201001,35.6668216,139.7494178
430041,その他卸売,デビッド・オースチン・ロージズ（株）,大阪府泉南市幡代２００１　花咲ファームイングリッシュローズガーデン,072-480-0031,200711,34.339888,135.2715119
430044,他製造業,テラリコン・インコーポレイテッド（日本支店）,東京都文京区湯島２－３１－２２　湯島アーバンビル６階,03-4586-4610,199800,35.7071327,139.7659667
430045,情報・システム・ソフト,オレンジビジネスサービスジャパン（株）,東京都港区虎ノ門４－３－１　城山トラストタワー３４階,03-5733-9010,198508,35.6646397,139.7430889
430046,コンサルティング,Ｌ．Ｅ．Ｋ．コンサルティング（株）,東京都港区虎ノ門４－３－１　城山トラストタワー２８階,03-4550-2640,200300,35.6646397,139.7430889
430047,人材派遣・業務請負,Ｍａｊｏｒ，Ｌｉｎｄｓｅｙ＆Ａｆｒｉｃａ－Ｊａｐａｎ合同会社,東京都港区虎ノ門４－２－１２　虎ノ門４丁目ＭＴビル２号館９階,03-6904-1030,200801,35.6641737,139.7456066
430050,貨物運送,ナショナル・エアカーゴ・ジャパン（株）,東京都港区港南２－１６－１　品川イーストワンタワー４階,－,200804,35.627763,139.7407736
430053,不動産,ペンブローク・リアルエステート・ジャパン，エルエルシー（日本支社）,東京都港区六本木７－７－７　Ｔｒｉ－Ｓｅｖｅｎ　Ｒｏｐｐｏｎｇｉ６階,03-5770-3260,200100,35.6649716,139.7291616
430055,投信・投資顧問,パトナム・インベストメンツ・ジャパン（株）,東京都港区虎ノ門４－３－２０　神谷町ＭＴビル,03-5404-5800,200011,35.6634944,139.744526
430056,コンサルティング,シャーマン　アンド　スターリング外国法事務弁護士事務所（東京事務所）,東京都千代田区内幸町２－２－２　富国生命ビル９階,03-5251-1601,198700,35.6705752,139.7553851
430060,輸送機器,リナマージャパン（株）,東京都新宿区四谷坂町９－９　三廣ビル８階,03-3355-8825,200500,35.6909656,139.7285538
430062,貨物運送,ドイグロジャパン（株）,東京都港区港南２－４－１３　スターゼン品川ビル１０階,03-6718-4510,200703,35.6285134,139.7441667
430063,化学卸売,アンブリオリス・ジャパン（株）,東京都渋谷区神南１－１５－３　神南プラザビル,03-5456-2041,200906,35.6635532,139.6995535
430069,食料品,ペーアッシュパリジャポン（株）（登記社名　ＰＨ　ＰＡＲＩＳ　ＪＡＰＯＮ（株））,東京都港区北青山３－１０－１８　北青山本田ビル２階,03-5485-7788,200410,35.663903,139.7102448
430071,他小売,ロンシャン・ジャパン（株）,東京都渋谷区神宮前４－３０－４　エムズクロス表参道３階,03-3478-1700,198207,35.6695226,139.7083897
430073,他サービス,ＤＩＡＭ　ＪＡＰＡＮ（株）,東京都新宿区西新宿５－１１－３　黒須ビル１階,03-5309-2401,200809,35.6919887,139.6859727
430075,専門店,メゾン・ド・ヴェルディ（株）,東京都目黒区自由が丘１－８－９　岡田ビル１～２階,03-3206-8700,200605,35.6067864,139.6687669
430077,機械卸売,ＦＩＶＥＳ（日本支社）,東京都港区虎ノ門１－１６－４　アーバン虎ノ門ビル５階,03-6273-3388,196811,35.6684419,139.7489944
430078,他サービス,アリアンスペース社　東京事務所,東京都千代田区霞が関３－２－５　霞が関ビル３１階,03-3592-2766,198600,35.671183,139.7472406
430086,人材派遣・業務請負,ターディス・グループ・ジャパン（株）,東京都中央区京橋２－２－１　京橋エドグラン２６階,03-6837-6950,200511,35.6773686,139.7694908
430094,その他卸売,Ｆｏｒｂｏ　Ｆｌｏｏｒｉｎｇ　Ｂ．Ｖ．（日本支店）,東京都品川区大崎５－１０－１０　大崎ＣＮビル４階,03-5740-2790,200700,35.62139,139.726046
430101,その他卸売,ＵＳＭ　Ｕ．シェアラー・ソンズ（株）,東京都千代田区丸の内２－１－１　丸の内ＭＹ　ＰＬＡＺＡ　１・２階,03-5220-2221,200808,35.6793825,139.7620533
430104,情報・システム・ソフト,（株）ダイリックス,神奈川県川崎市川崎区砂子１－１０－２　ソシオ砂子ビル９階,044-246-5586,199402,35.5311704,139.7023857
430106,情報・システム・ソフト,ニューコン（株）,東京都荒川区東日暮里５－４１－１２　日暮里コミュニティビル,03-3805-2584,199312,35.7267738,139.7741334
430113,その他卸売,（有）ガットマンジャパン,東京都中野区若宮１－４３－１６－２０２,－,199210,35.7189706,139.6471917
430114,他サービス,ＴＶＴジャパン（株）,東京都品川区上大崎４－５－３７　本多電機ビル１階,03-4588-9555,200912,35.6285128,139.7156311
430120,その他卸売,ピンゴルフジャパン（株）,埼玉県戸田市美女木東２－１－１４,048-437-6500,200401,35.8289245,139.6513076
430121,倉庫・物流関連,ＨＡＶＩサプライチェーン・ソリューションズ・ジャパン合同会社,東京都中野区本町２－４６－１　中野坂上サンブライトツインビル,03-6300-7000,201002,35.6966853,139.6821491
430123,人材派遣・業務請負,ＰｅｏｐｌｅＳｅａｒｃｈ（株）,東京都千代田区内幸町１－１－１　帝国ホテルタワー１２階Ｂ６,03-5501-3777,200501,35.6719343,139.7589986
430125,旅行,Ｂｏｏｋｉｎｇ．ｃｏｍ　Ｊａｐａｎ（株）,東京都港区北青山３－６－１　Ｏａｋ　Ｏｍｏｔｅｓａｎｄｏ５階,03-6743-6650,200809,35.6656909,139.7105702
430126,情報・システム・ソフト,（株）データダイレクト・ネットワークス・ジャパン,東京都千代田区四番町６－２　東急番町ビル８階,03-3261-9101,200801,35.6892357,139.7357443
430127,レジャー・娯楽,マーリン・エンターテイメンツ・ジャパン（株）,東京都港区台場１－６－１　デックス東京ビーチ　アイランドモール６階,03-3599-5157,201105,35.6290584,139.7759965
430128,機械卸売,ホットスタート・アジア・パシフィック合同会社,東京都文京区本駒込２－２７－１５　イントランス本駒込ビル４階,03-6902-0551,201111,35.7306454,139.7505342
430130,投信・投資顧問,ＯＡＮＤＡ証券（株）,東京都千代田区麹町３－６　住友不動産麹町ビル３号館４階,0120-923-213,200411,35.6846358,139.7385029
430131,倉庫・物流関連,（株）アーヴァート・デジタル・サービス・ジャパン,東京都江東区辰巳３－１２－２０　絹川屋運送株式会社内３階,03-5534-6045,199510,35.6431806,139.8176708
430134,広告,ＳＧＫジャパン（登記社名　（株）シャーク・ジャパン）,東京都品川区上大崎２－２４－９　アイケイビルディング４階,03-5759-6170,200002,35.6354246,139.7139442
430136,情報・システム・ソフト,ＴｏｐＴｅｃｈ　Ｉｎｆｏｒｍａｔｉｃｓ（株）,東京都千代田区西神田２－５－８　共和壱五番館８階,03-6909-4441,200602,35.6990234,139.7539278
430137,飲食・外食,ウェンディーズ・ジャパン（株）,東京都新宿区四谷４－３４－１　新宿御苑前アネックスビル５階,03-3350-9462,201102,35.6902514,139.714872
430139,その他卸売,ペベオ・ジャポン（株）,兵庫県神戸市東灘区田中町１－７－２１－４０１,078-414-7267,199910,34.7247738,135.2765877
430145,精密機器,ＯＥＭ　Ｇｒｏｕｐ　Ｊａｐａｎ合同会社,神奈川県横浜市神奈川区三枚町３３　新横浜ＭＴビル４階,045-548-8280,200906,35.4967518,139.6056089
430146,その他卸売,オラフォルジャパン（株）,東京都千代田区内神田２－１６－１１　内神田渋谷ビル,03-3527-1960,199211,35.6923226,139.7689219
430150,他サービス,（株）Ｇｅｒｓｏｎ　Ｌｅｈｒｍａｎ　Ｇｒｏｕｐ,東京都港区愛宕２－５－１　愛宕グリーンヒルズＭＯＲＩタワー２６階,03-4589-1500,200809,35.6621409,139.7488929
430152,化学卸売,（株）ＣＭＴ日本,東京都千代田区神田神保町１－２３　神田近江屋ビル５階,03-5217-4555,201006,35.695036,139.760981
430154,精密機器卸売,シェリー（株）,埼玉県さいたま市岩槻区本町４－１０－８　佐藤ビル３階,048-749-9001,200105,35.9467083,139.6986759
430157,その他卸売,レイコップ・ジャパン（株）,東京都港区虎ノ門３－２２－１　虎ノ門桜ビル３階,03-6860-2180,201206,35.6615435,139.7481588
430158,化学卸売,（株）ＯＴＣ（日本支社）,東京都墨田区錦糸１－２－１　アルカセントラル１４階,03-6853-6658,201110,35.6973487,139.8114691
430159,情報・システム・ソフト,ＰＩＡＮＯ　Ｊａｐａｎ（株）,東京都渋谷区神宮前１－１４－３４　原宿神宮の森ビル２階,－,201012,35.6709968,139.7030439
430160,情報・システム・ソフト,（有）インテリジェント・ソフトウェア・ソリューションズ（仙台支社）,宮城県仙台市青葉区南吉成６－７－１４,022-719-4075,200205,38.2859751,140.8107782
430163,電気機器,ティ・ディ・パワーシステムズ・リミテッド（日本支社）,東京都品川区北品川３－３－３　東和ビル４階,03-5783-5380,199904,35.6217576,139.7387778
430170,他サービス,（株）Ｂｉｇ　Ｂｒｉｄｇｅ　Ｉｎｔｅｒｎａｔｉｏｎａｌ（日本支社）,東京都渋谷区千駄ヶ谷１－１３－１１　ＣＨＡＲＩ千駄ヶ谷３階－３,－,200405,35.6771714,139.7119006
430171,精密機器卸売,（株）エベレックス・ジャパン,神奈川県川崎市幸区堀川町６６－２　興和川崎西口ビル,044-541-6267,200702,35.5358933,139.7012688
430172,他サービス,ＳＡＩグローバルジャパン（株）,東京都港区芝２－２８－１１　芝ＭＫビル８階,03-6436-0897,200602,35.649843,139.7530829
430177,機械卸売,ＺＯＬＬＥＲ　Ｊａｐａｎ（株）,大阪府吹田市東御旅町５－１１,06-6318-1910,200910,34.7529188,135.5299121
430178,その他卸売,ケー・ケー・ヴィ・コーポレーション（株）,大阪府大阪市城東区蒲生４－１４－１３,06-6786-1122,200707,34.698906,135.5459263
430182,食料品卸売,レッドブル・ジャパン（株）,東京都渋谷区渋谷１－３－３　ヒューリック青山第２ビル,03-6419-0290,200506,35.6620475,139.7063363
430184,投資業等,ストーンエックスフィナンシャル（株）,東京都中央区日本橋室町４－４－１０　東短室町ビル３階,03-5205-6161,200900,35.6890342,139.773303
430185,機械卸売,ＬＰＫＦ　Ｌａｓｅｒ＆Ｅｌｅｃｔｒｏｎｉｃｓ（株）,千葉県船橋市浜町２－１－１　ららぽーと三井ビル８階８１５号室,047-432-5100,201007,35.6793014,139.9898178
430187,電気機器卸売,アクア（株）,東京都中央区日本橋堀留町１－１１－１２　ＪＰＲ日本橋堀留ビル３階,03-6778-2678,201201,35.6890955,139.7793062
430188,他サービス,Ｅｕｒｏｍｏｎｉｔｏｒ　Ｉｎｔｅｒｎａｔｉｏｎａｌ　Ｌｉｍｉｔｅｄ（日本支店）,東京都港区虎ノ門４－３－１　城山トラストタワー３６階,03-3436-2100,201009,35.6646397,139.7430889
430189,旅行,ベックストラベルジャパン（株）,東京都港区虎ノ門４－１－１　神谷町トラストタワー２４階,03-4577-4472,201111,35.6650161,139.7454071
430190,旅行,マカオ航空　日本支社（登記社名　ＡＩＲ　ＭＡＣＡＵ　Ｃｏｍｐａｎｙ　Ｌｔｄ．）,東京都港区虎ノ門２－４－１　虎ノ門ピアザビル９階,03-3595-8811,199409,35.6688842,139.7476797
430192,旅行,アンフィトリオン・ジャパン（株）,東京都中央区京橋１－６－６　ハラダビル４階,03-5579-9855,199101,35.6776785,139.7718972
430193,情報・システム・ソフト,ＣＲＩＴＥＯ（株）,東京都渋谷区恵比寿４－２０－３　恵比寿ガーデンプレイスタワー２６階,03-6450-3350,201201,35.6422106,139.7134456
430194,新聞・出版,（株）日経ナショナルジオグラフィック,東京都港区虎ノ門４－３－１２,03-6811-8505,199409,35.663985,139.743386
430197,電気機器卸売,中日電熱（株）,東京都港区芝公園１－６－７　住友不動産ランドマークプラザ８階,03-6402-5111,199411,35.6584113,139.7522909
430199,ホテル,ザ・リーディングホテルズ・オブ・ザ・ワールド（日本支社）,東京都目黒区下目黒１－３－２７　アセンド目黒２階,03-5436-8115,197000,35.6343123,139.7127777
430200,情報・システム・ソフト,Ｆｏｒｅｘｗａｒｅ　Ｊａｐａｎ（株）,東京都港区白金台５－８－７　５０７号室,－,201110,35.641289,139.7207343
430204,電気機器卸売,（株）ケイエムダブリュジャパン,神奈川県横浜市中区山吹町１－３　Ｋ＆Ｇビル５階,045-231-6430,200005,35.4403042,139.6323417
430205,電気機器,ネオフォトニクス・セミコンダクタ合同会社,東京都八王子市東浅川町５５０－１０,042-662-6610,201303,35.6434382,139.2913859
430211,他サービス,（株）ＩＥ　ＪＡＰＡＮ,東京都千代田区神田須田町２－２３－１　天翔秋葉原万世橋ビル３階３０８号,－,201112,35.6968623,139.7713046
430212,電気機器卸売,ソニックステクノロジー（株）,東京都千代田区九段南４－８－２７　小林ビル２階,03-6272-6070,201110,35.6914042,139.7378322
430214,倉庫・物流関連,ゲブルダーバイス（株）,東京都中央区新川１－１７－２５　東茅場町有楽ビル６階,03-6280-5530,200809,35.6785306,139.7833806
430216,食料品卸売,（株）ラクトサンサノボジャパン,東京都杉並区高円寺北３－２－１　プチフォンテーヌ,03-5327-3500,199507,35.7055634,139.6482972
430219,その他卸売,モトローラ・モビリティ・ジャパン合同会社,東京都千代田区外神田４－１４－１　秋葉原ＵＤＸ,03-6365-4943,200909,35.7006943,139.7726237
430222,電気機器卸売,ハイセンスジャパン（株）,神奈川県川崎市幸区鹿島田１－１－２　新川崎三井ビルディングウエストタワー１９階,044-578-0670,201011,35.549808,139.6737985
430228,情報・システム・ソフト,（株）Ｉｍｐｅｒｖａ　Ｊａｐａｎ,東京都中央区京橋２－７－１４　ビュレックス京橋,03-6263-0671,200703,35.6768545,139.7713181
430229,情報・システム・ソフト,ネットギアジャパン合同会社,東京都中央区京橋３－７－５　近鉄京橋スクエア８階,03-3538-2600,199911,35.675572,139.770437
430230,情報・システム・ソフト,（株）サブゲート,東京都千代田区外神田２－５－１５　外神田Ｋビル４階,03-5207-2744,201106,35.7000136,139.7688233
430235,情報・システム・ソフト,エムファシス・コーポレイション（日本支社）,東京都中央区日本橋兜町５－１　兜町第１平和ビル３階,－,‥,35.6822344,139.7783875
430239,コンサルティング,オリバーワイマングループ（株）,東京都港区赤坂９－７－１　ミッドタウン・タワー１６階,03-6871-7008,200112,35.6662186,139.7303961
430242,倉庫・物流関連,ヘルマンワールドワイドロジスティックス（株）,東京都千代田区岩本町１－１１－２　神田風源ビル５階,03-5839-2683,200606,35.6927851,139.7786671
430246,他サービス,ＣＡＡ－ＧＢＧ（日本支社）（登記社名　ＣＡＡ－ＧＢＧインターナショナル・リミテッド）,東京都目黒区下目黒１－８－１　目黒アルコタワー７階,03-4334-8274,200000,35.6316957,139.7132982
430249,他サービス,クラブ・デモンストレーション・サービシズ・インク（日本支店）,神奈川県川崎市川崎区砂子２－４－１０　ヒューリック川崎ビル９階,044-223-2910,198812,35.5305582,139.7005906
430250,他金融,Ｍａｓｔｅｒｃａｒｄ　Ｐｒｅｐａｉｄ　Ｍａｎａｇｅｍｅｎｔ　Ｓｅｒｖｉｃｅｓ　Ｊａｐａｎ（株）,東京都渋谷区桜丘町２６－１　セルリアンタワー１６階,03-5728-5300,201102,35.6564093,139.6993541
430252,他サービス,Ｐｅｇａｓｕｓ　Ｓｏｌｕｔｉｏｎｓ　Ｊａｐａｎ合同会社,東京都中央区日本橋室町４－３－９,050-1744-4890,198900,35.6894282,139.7721223
430254,他サービス,Ｇｕｉｎｎｅｓｓ　Ｗｏｒｌｄ　Ｒｅｃｏｒｄｓ　Ｊａｐａｎ（株）,東京都渋谷区神宮前２－４－１２,－,201005,35.6729246,139.7128741
430255,その他卸売,日本ゲッツナー（株）,東京都中央区日本橋大伝馬町６－８　ＰＭＯ日本橋大伝馬町７階,03-6842-7072,200208,35.6895977,139.7791688
430256,コンサルティング,フロスト・アンド・サリバン・ジャパン（株）,東京都港区赤坂５－２－２０　赤坂パークビル２３階,050-6875-0901,201401,35.6722095,139.7333495
430257,新聞・出版,（株）ハースト婦人画報社,東京都港区南青山３－８－３８　南青山東急ビル５階,－,198903,35.6671881,139.7150326
430258,情報・システム・ソフト,Ｃｌｏｕｄｅｒａ（株）,東京都中央区京橋２－２－１　京橋エドグラン２６階,03-6748-1506,201111,35.6773686,139.7694908
430262,電気機器卸売,（株）ストラタシス・ジャパン,東京都中央区新川１－１６－３　住友不動産茅場町ビル３階,03-5542-0042,201204,35.6775426,139.78378
430268,医薬品,ホロジックジャパン（株）,東京都文京区後楽１－４－２５　日教販ビル,03-5804-2340,200406,35.7035558,139.7481987
430272,他サービス,サーモフィッシャーダイアグノスティックス（株）,東京都港区芝浦４－２－８　住友不動産三田ツインビル東館４階,03-6872-6200,200112,35.6427313,139.7447256
430273,コンサルティング,ＡＥＣＯＭ　Ｊａｐａｎ（株）,東京都新宿区西新宿１－２６－２　新宿野村ビル３２階,03-5322-2970,201102,35.6929509,139.6953653
430274,情報・システム・ソフト,日本エクセム（株）,東京都千代田区神田錦町３－７　東京堂錦町ビル４階,03-3518-0771,200803,35.6918169,139.7595142
430277,レジャー・娯楽,（株）ＷｅＭａｄｅ　Ｏｎｌｉｎｅ,東京都千代田区内神田１－４－１　大手町２１ビル２階,03-5577-2825,200403,35.6899835,139.7655474
430279,情報・システム・ソフト,ディーエッジジャパン（株）,東京都渋谷区桜丘町２６－１　セルリアンタワー１５階,03-5456-5484,201011,35.6564093,139.6993541
430281,ホテル,パシフィックセンチュリーホテル（株）,東京都千代田区丸の内１－１１－１　パシフィックセンチュリープレイス丸の内,03-5222-7222,200012,35.6779865,139.7669297
430282,情報・システム・ソフト,エンタープライズＤＢ（株）,東京都新宿区西早稲田１－２２－３　早稲田大学インキュベーションセンター,050-5532-7038,201104,35.7087334,139.7196485
430286,その他卸売,シスレージャパン（株）,東京都港区北青山２－１２－１６　北青山吉川ビル８階,03-5771-6210,199304,35.6703147,139.7163892
430289,電力・ガス,Ｓｋｙ　Ｓｏｌａｒ　Ｊａｐａｎ（株）,東京都港区東新橋１－５－２　汐留シティセンター８階,03-5275-3470,200910,35.6654972,139.7608806
430292,情報・システム・ソフト,Ｖｏｂｉｌｅ　Ｊａｐａｎ（株）,東京都渋谷区渋谷１－１２－２　クロスオフィス渋谷３０３号室,03-6804-3955,201012,35.6603536,139.7034313
430293,電気機器,ＪＳＢ　ＴＥＣＨ　ＰＴＥ．　ＬＴＤ．（日本支店）,東京都千代田区二番町１　番町ハイム６３３号室,03-6261-2531,201205,35.6864476,139.738116
430294,化学卸売,イルミナ（株）,東京都港区芝５－３６－７　三田ベルジュビル２２階,03-4578-2800,200301,35.6450424,139.7453443
430296,電気機器卸売,ＳＭＡジャパン（株）,東京都港区芝３－２３－１　セレスティン芝三井ビル８階,03-3451-9532,201106,35.6512574,139.7488573
430298,繊維・衣服卸売,（株）スタッフインターナショナルジャパン,東京都渋谷区恵比寿南１－１５－１　Ａ－ＰＬＡＣＥ恵比寿南ビル２階,03-5794-9931,199807,35.6448313,139.7093124
430300,コンサルティング,長城コンサルティング（株）,東京都文京区本郷６－２６－１　トーカンキャステール本郷２０１,03-5615-9782,198610,35.714943,139.7586193
430302,情報・システム・ソフト,ＩｎＭｏｂｉ　Ｊａｐａｎ（株）,東京都千代田区平河町１－６－４　Ｈ１Ｏ平河町９階,03-6427-1836,201002,35.6823874,139.7402352
430303,その他卸売,ソプレイソーラー（株）,愛知県名古屋市中区千代田３－２１－１,052-846-8739,200911,35.1557722,136.9108629
430307,情報・システム・ソフト,マスターコントロール（株）,東京都港区赤坂１－１２－３２　アーク森ビル２２階,050-3823-0455,200804,35.6671134,139.740135
430310,電気機器,アドバンテック（株）,東京都台東区浅草６－１６－３,03-6802-1021,199705,35.7165025,139.7999768
430311,情報・システム・ソフト,キリバ・ジャパン（株）,東京都港区虎ノ門４－１－１　神谷町トラストタワー２３階,050-1741-7069,201206,35.6650161,139.7454071
430322,他サービス,ＷＰＰマーケティング・コミュニケーションズ合同会社,東京都渋谷区恵比寿２－３６－１３　広尾ＭＴＲビル　Ｂ１階,03-4485-3900,199409,35.6457381,139.72254
430326,電気機器卸売,リナック（株）,神奈川県横浜市港北区北新横浜２－５－１,045-533-0802,200212,35.5159766,139.6162313
430329,情報・システム・ソフト,日本ライフレイ（株）,東京都渋谷区恵比寿西１－２６－７　ファブールエビス１階,03-5456-5796,201207,35.6473637,139.7057167
430332,他サービス,Ａｌｐｈａ　ＣＲＣ（日本支社）（登記社名　Ａｌｐｈａ　Ｃａｌｌｉｇｒａｐｈｉｃ　Ｒｅｓｅａｒｃｈ　Ｃａｍｂｒｉｄｇｅ　Ｌｔｄ．）,東京都新宿区新宿１－１９－３　エルスタンザ新宿御苑３階,03-6380-1461,201201,35.6895455,139.7125389
430337,食料品,（株）Ｂｒａｈｉｍ’ｓ　Ｆｏｏｄ　Ｊａｐａｎ,東京都大田区大森北６－３１－５,03-5753-9399,201205,35.580051,139.7354654
430338,情報・システム・ソフト,シュレーディンガー（株）,東京都千代田区丸の内１－８－１　丸の内トラストタワーＮ館１３階,03-4520-7090,201110,35.6832253,139.7697606
430339,電気機器,（株）テクシオ・テクノロジー,神奈川県横浜市港北区新横浜２－１８－１３　藤和不動産新横浜ビル７階,045-620-2303,201210,35.507955,139.6110653
430340,精密機器卸売,ＨＭＳインダストリアルネットワークス（株）,神奈川県横浜市港北区新横浜３－１８－３　新横浜ＫＳビル６階,045-478-5340,200901,35.5101658,139.616562
430342,機械卸売,シールドエアージャパン合同会社,東京都中央区日本橋小伝馬町１－７　スクエア日本橋,03-5644-1110,197808,35.6901296,139.7779482
430346,他サービス,イプソス（株）,東京都港区虎ノ門４－３－１３　ヒューリック神谷町ビル６・８階,03-6867-8001,196809,35.6637327,139.7440469
430349,電気機器卸売,Ｒ＆Ｍ　Ｊａｐａｎ（株）,東京都品川区上大崎３－３－６　永峰ビル４階,03-5789-1160,201304,35.6340722,139.7184442
430350,損害保険,ＡＩＧ損害保険（株）,東京都港区虎ノ門４－３－２０　神谷町ＭＴビル,03-6848-8500,201204,35.6634944,139.744526
430351,輸送機器,ジョンソン・マッセイ・ジャパン合同会社,栃木県さくら市喜連川５１２３－３,028-686-5781,201203,36.7269782,140.0019707
430352,情報・システム・ソフト,ＮＨＮ　ＪＡＰＡＮ（株）,東京都港区虎ノ門１－２３－１　虎ノ門ヒルズ森タワー２２階,03-6263-1778,201304,35.6668216,139.7494178
430353,食料品,日本シャクリー（株）,東京都新宿区西新宿２－６－１　新宿住友ビル２１階,03-3340-3700,201212,35.6913514,139.6928126
440001,医薬品,メドエルジャパン（株）,東京都千代田区神田駿河台２－１－２０　お茶の水ユニオンビル５階,03-5283-7266,200105,35.6997154,139.76214
440002,航空,（株）ティーウェイ航空（日本支店）,大阪府大阪市中央区南船場２－４－８　長堀プラザビル６階,06-6224-0801,201202,34.675579,135.5060075
440003,機械卸売,ＴＯＭＲＡ　Ｓｏｒｔｉｎｇ（株）,埼玉県さいたま市南区曲本３－２－５,048-829-9081,200101,35.836587,139.635705
440004,医薬品,アッヴィ合同会社,東京都港区芝浦３－１－２１　ｍｓｂ　Ｔａｍａｃｈｉ田町ステーションタワーＳ,03-4577-1111,201209,35.6447514,139.7493165
440009,輸送用機器卸売,（株）ＨＩＨＯ　ＭＥＴＡＬ　ＪＡＰＡＮ,神奈川県横浜市中区住吉町４－４５－１,045-595-9890,201210,35.4467946,139.6362047
440011,建設,ｊｕｗｉ自然電力（株）,東京都文京区本郷５－３３－１０,03-5684-5404,201301,35.7113967,139.7554521
440013,情報・システム・ソフト,Ｔｗｉｔｔｅｒ　Ｊａｐａｎ（株）,東京都中央区京橋３－１－１　東京スクエアガーデン,－,201011,35.6761291,139.7688154
440014,機械,ゲルブ・ジャパン（株）,神奈川県平塚市宮の前１－２　エバーズ第７平塚ビル８階,0463-72-7438,200908,35.3305219,139.3505226
440015,鉄鋼,サンシンメタル・ジャパン（株）,愛知県名古屋市千種区今池南２９－２４　川島第一ビル３Ｇ,052-753-9928,201210,35.1632898,136.9363307
440017,他サービス,ＡＴＯＭＯＳ（株）,東京都品川区西五反田７－８－１１　ＰＲＥＳＴＩＧＥ五反田４階,03-6661-2827,201208,35.6237004,139.7197101
440018,精密機器,Ｐｏｌｉｍａｓｔｅｒ　Ｊａｐａｎ（株）,石川県金沢市鞍月５－１７７　ＡＵＢＥ２,076-201-8623,201209,36.597189,136.6255007
440019,投信・投資顧問,ＧＡＭ証券投資顧問（株）,東京都千代田区丸の内３－１－１　国際ビルヂング２階,03-5219-8800,199700,35.6767148,139.7612147
440021,精密機器卸売,ＲＥＣ　Ｓｏｌａｒ　Ｊａｐａｎ（株）,東京都新宿区西新宿２－６－１　新宿住友ビル３２階,03-6302-0520,201205,35.6913514,139.6928126
440022,人材派遣・業務請負,Ｍｏｄｉｓ（株）,東京都港区芝浦３－４－１　グランパークタワー３階,03-5419-8880,200402,35.6436764,139.7455608
440026,電気機器卸売,サーコム・ジャパン（株）,東京都品川区東品川２－２－４　天王洲ファーストタワー２４階,03-6433-0061,201002,35.6234747,139.7494257
440028,農林水産,ヴィルモランみかど（株）,千葉県千葉市緑区大野台１－４－１１,043-311-6600,200701,35.5161338,140.2294037
440034,医薬品,アムジェン（株）,東京都港区赤坂９－７－１　ミッドタウン・タワー,03-5293-9900,201310,35.6662315,139.7313051
440035,機械,合同会社ＬＮＳジャパン,石川県能美市道林町丑３８－１,0761-55-2058,201201,36.4387121,136.4422223
440036,他サービス,（株）Ｇｅｎｇｏ,神奈川県横浜市西区みなとみらい２－２－１　横浜ランドマークタワー４２階,045-640-4664,200906,35.4545635,139.6314218
440045,情報・システム・ソフト,ＣＡＦＥ２４　ＪＡＰＡＮ（株）,東京都港区南青山１－１－１　新青山ビル西館１０階,03-6205-8911,201209,35.6727357,139.7253676
440048,情報・システム・ソフト,Ｚａｂｂｉｘ　Ｊａｐａｎ合同会社,東京都港区東新橋２－１６－３　カーザベルソーレ８階,03-4405-7338,201210,35.6610259,139.7572018
440049,機械卸売,（株）ダイヤコジャパン,東京都江戸川区西葛西６－２４－７　西葛西メディカルプラザ　３階,03-6808-3385,201209,35.6635613,139.8626709
440057,損害保険,ザ・ノース・オブ・イングランド・プロテクティング・アンド・インデムニティー・アソシエイション・リミテッド（日本支店）,東京都中央区京橋２－８－８　新京橋ビル６階,03-5159-5373,201201,35.6771564,139.7719372
440059,他サービス,ＳｅｒｖｉｃｅＳｏｕｒｃｅ　Ｉｎｔｅｒｎａｔｉｏｎａｌ　Ｊａｐａｎ合同会社,神奈川県横浜市西区みなとみらい３－６－３　ＭＭパークビル１１階,045-670-0400,201205,35.4585635,139.6326171
440061,情報・システム・ソフト,Ｅ２ｏｐｅｎ（株）,東京都港区赤坂７－３－３７　プラース・カナダ１階,－,201207,35.6733793,139.7284006
440063,化学卸売,（株）ソニックホールディングス,埼玉県川口市大字赤井１０４６,048-278-9412,201301,35.8313625,139.7488374
440064,航空,上海吉祥航空（株）（日本支店）（登記社名　ＪＵＮＥＹＡＯ　ＡＩＲＬＩＮＥＳリミテッド）,大阪府大阪市西区江戸堀１－１０－８　パシフィックマークス肥後橋６階,06-6445-6669,201209,34.6894715,135.4962494
440065,他小売,Ｚｅｂｒａ　Ｊａｐａｎ（株）,東京都渋谷区神宮前２－２２－１６,03-6758-0601,201107,35.6750169,139.7102002
440066,機械卸売,ＳＭＳ　ｇｒｏｕｐ（株）,東京都江東区豊洲３－３－３　豊洲センタービル９階,03-3520-8590,201110,35.6558266,139.7963119
440067,機械,ＳＹＮＯＶＡ　ＪＡＰＡＮ（株）,東京都目黒区中根２－１０－４,03-3725-6778,201101,35.6143117,139.6771399
440072,通信・放送,（株）Ｊ－Ｍｏｂｉｌｅ,東京都中央区日本橋大伝馬町６－５　岩清日本橋ビル３階,03-5643-6030,201304,35.6895833,139.7789092
440075,機械卸売,サウスコ・ジャパン（株）,大阪府大阪市此花区島屋６－２－８２　ユニバーサルシティ和幸ビル７階,06-6466-1200,201300,34.668164,135.43853
440076,機械,シンジーテック（株）,神奈川県横須賀市浦郷町５－２９３１,046-866-2172,201310,35.3124179,139.6406263
440077,電気機器卸売,コンエアージャパン合同会社,東京都港区南青山１－１５－４１,03-5413-8350,201306,35.6700743,139.7261977
440078,情報・システム・ソフト,イノベーション・マトリックス・インク（日本支社）,兵庫県神戸市灘区王子町１－４－１７,078-801-0223,200400,34.7099342,135.2183211
440079,機械卸売,カーゴテック・ジャパン（株）,神奈川県横浜市港北区新横浜２－１３－１３,045-620-5801,197301,35.5093636,139.6138534
440081,機械卸売,Ｓｅｒａｃ　Ｊａｐａｎ（株）,東京都新宿区四谷４－３－２０　いちご四谷四丁目ビル８階,03-5367-5391,201401,35.6879277,139.7175264
440084,損害保険,アメリカンホーム医療・損害保険（株）,東京都港区虎ノ門４－３－２０　神谷町ＭＴビル,03-5401-8000,201307,35.6634944,139.744526
440085,化学卸売,ＬＧ化学ジャパン（株）,東京都中央区京橋２－１－３　京橋トラストタワー１２階,03-5299-4530,201401,35.6778093,139.77012
440086,輸送機器,（株）イクヨ,神奈川県厚木市上依知３０１９,046-285-1800,194705,35.513111,139.3527432
440087,情報・システム・ソフト,ＲＳＵＰＰＯＲＴ（株）,東京都港区虎ノ門１－２－２０　第３虎の門電気ビル７階,03-3539-5761,201312,35.6694247,139.7477611
440088,不動産,（株）ＡＳＩＡＮ　ＳＴＡＲ,神奈川県横浜市西区高島２－６－３２　横浜東口ウィスポートビル,045-324-2444,198811,35.462208,139.6214418
440089,その他卸売,（株）レッド・プラネット・ジャパン,東京都品川区西五反田１－９－３　リバーライトビル,050-5835-0966,199906,35.6248737,139.7243101
440092,新聞・出版,ピアソン・ジャパン（株）,東京都千代田区神田錦町２－２－１　ＫＡＮＤＡ　ＳＱＵＡＲＥ　１１階,03-4540-0380,201212,35.6931252,139.7632042
450001,鉄鋼,ＰＯＳＣＯ　Ｊａｐａｎ　ＰＣ（株）,愛知県豊橋市神野西町１－６－６,0532-34-1810,200505,34.7407706,137.3138931
450005,電気機器卸売,（株）ＮＵＣ　ＪＡＰＡＮ,東京都中央区湊１－６－２　ＪＫＨＤビル３階,03-5542-0620,201206,35.6726753,139.7796457
450006,情報・システム・ソフト,Ｆｕｔｕｒｅ　Ｆａｃｉｌｉｔｉｅｓ（株）,東京都新宿区新宿２－１５－２２　Ｌａｎｄｗｏｒｋ新宿ビル５階,03-4520-1500,200912,35.6913816,139.7099257
450009,電気機器卸売,ピュア・ストレージ・ジャパン（株）,東京都千代田区永田町２－１０－３　東急キャピトルタワー１２階,03-4563-7443,201303,35.6739689,139.7407736
450010,食料品,バイオガイアジャパン（株）,広島県広島市中区小町３－１７　市川物産ビル３階,082-504-7788,200608,34.3889254,132.4561726
450011,電気機器,（株）トーキン,宮城県白石市旭町７－１－１,0224-24-4111,193804,37.9895558,140.637217
450012,電気機器,日本アプティブコネクションシステムズサービシス（株）,神奈川県厚木市旭町１－２４－１３　第一伊藤ビル８階,－,201104,35.4376168,139.3640982
450015,他サービス,（株）Ａｕｔｏ　Ｔｅｃｈ　Ｊａｐａｎ,愛知県名古屋市西区幅下２－４－２,052-571-8516,201303,35.1781793,136.893107
450016,電気機器卸売,（株）Ｃｉｅｌ　Ｔｅｒｒｅ　Ｊａｐａｎ,東京都中央区京橋３－１２－７　京橋山本ビル３階,03-6264-4596,201306,35.6745293,139.7717375
450018,電気機器卸売,サンテックエナジーディベロップメント（株）,東京都新宿区西新宿３－６－１１　西新宿ＫＳビル６階,03-3342-6555,201403,35.686633,139.6912021
450020,その他卸売,ポラール・エレクトロ・ジャパン（株）,東京都千代田区神田東松下町１３　神田プラザビル７階,050-4560-7570,200903,35.6938313,139.7745206
450022,情報・システム・ソフト,モバイルアイアン・インターナショナル・インク（日本支店）,東京都港区南麻布３－１９－２３　オーク南麻布ビル２階,－,201309,35.6473872,139.7300369
450023,化学,オルネクスジャパン（株）,東京都中央区日本橋３－６－２　日本橋フロントビル４階,03-5202-8070,197610,35.6796306,139.7725163
450024,情報・システム・ソフト,Ｎｏｏｍ　Ｊａｐａｎ（株）,東京都新宿区西新宿３－９－７　フロンティア新宿タワーオフィス３階,－,201508,35.6843758,139.6903264
450029,情報・システム・ソフト,レノボ・エンタープライズ・ソリューションズ合同会社,東京都千代田区外神田４－１４－１　秋葉原ＵＤＸビル１０階,0120-686-200,201405,35.7006943,139.7726237
450030,食料品,コスモ企業（株）,千葉県成田市古込１６４,0476-32-8600,195206,35.7733612,140.383434
450031,精密機器卸売,Ｂ＆Ｒ（株）,神奈川県横浜市西区高島１－１－２　横浜三井ビル１５階,045-263-8460,201403,35.4631438,139.6248878
450033,情報・システム・ソフト,ＨＲＳ　Ｊａｐａｎ（株）,東京都港区虎ノ門１－１０－５　ＫＤＸ虎ノ門一丁目ビル１１階,03-3519-1500,201310,35.668419,139.750634
450034,機械卸売,マキシメーター・フルード・テクノロジーズ（株）,東京都中央区京橋２－５－２　京橋東邦センタービル３階,03-3562-7787,201403,35.6765013,139.7703696
450036,医薬品,ハンルイ医薬（株）,愛知県名古屋市中区錦３－５－３１　ジブラルタ生命名古屋錦ビル８階,052-950-3088,201405,35.1733647,136.9068169
450038,電力・ガス,Ｘ－Ｅｌｉｏ　Ｊａｐａｎ（株）,東京都中央区銀座４－１４－１１　七十七銀座ビル８階,03-6264-3830,201208,35.6688195,139.7684597
450039,電気機器,セレスパワー（日本駐在員事務所）,大阪府大阪市北区梅田２－２－２　ヒルトンプラザウエストオフィスタワー１９階,06-6133-5726,201405,34.6998886,135.4951856
450040,他サービス,グローバルブルー・ティエフエス・ジャパン（株）,東京都千代田区外神田４－５－４　亀松ビル７階,03-6386-5650,201309,35.7016448,139.7719571
450041,情報・システム・ソフト,ダータワーズジャパン（株）,東京都港区芝公園２－３－２７　芝公園ＰＲ－ＥＸ７階,03-6435-7744,201309,35.6569084,139.7517151
450042,機械卸売,ＲＴＩ　Ａｓｉａ合同会社,東京都中央区日本橋馬喰町１－５－１２　ＣＩＲＣＬＥＳ日本橋馬喰町,－,201404,35.6925325,139.7820986
450044,飲食・外食,（株）ヒルマンレストランジャパン,大阪府大阪市天王寺区東高津町１１－９　サムティ上本町ビル８階,06-6191-8885,201403,34.6663556,135.5227667
450045,繊維・衣服卸売,ＧＵＥＳＳ　ＪＡＰＡＮ合同会社,東京都港区北青山３－３－１１　ルネ青山８階,－,201302,35.6679999,139.7145538
450046,精密機器卸売,Ｍｅｄｉｓ　ｍｅｄｉｃａｌ　ｉｍａｇｉｎｇ　ｓｙｓｔｅｍｓ　ｂｖ（東京支店）,東京都中央区日本橋兜町５－１　第１平和ビル３階,03-6778-2589,201311,35.6821696,139.7783654
450047,情報・システム・ソフト,Ｐｉｖｏｔａｌ　Ｔｅｌｅｃｏｍ　Ｓｅｒｖｉｃｅ（株）,神奈川県横浜市中区元浜町３－２１－２　ヘリオス関内ビル３０６,045-222-0710,201309,35.4494029,139.6395902
450049,情報・システム・ソフト,クラスドゥ（株）,東京都渋谷区神南１－５－６　Ｈ１Ｏ渋谷神南７階,03-3780-6232,201005,35.6648154,139.6998153
450050,輸送用機器卸売,コンチネンタルタイヤ・ジャパン（株）,東京都品川区東品川２－３－１２,03-5783-7460,201406,35.6243989,139.7508765
450053,化学卸売,ＥＬＣジャパン（株）,東京都千代田区丸の内３－２－３　丸の内二重橋ビルディング２０階,03-6625-1000,200804,35.6777775,139.7615096
450055,ガラス・土石,コーニングジャパン（株）,東京都港区赤坂１－１１－４４　赤坂インターシティ７階,03-5562-2260,197103,35.6688986,139.7425432
450056,倉庫・物流関連,ＡＰＭターミナルズジャパン（株）,神奈川県横浜市中区南本牧２,045-624-5900,200801,35.4033249,139.6737426
450057,貨物運送,（株）ゼロ,神奈川県川崎市幸区堀川町５８０　ソリッドスクエア西館,044-520-0106,196110,35.5354184,139.6995142
450058,電気機器,（株）テラプローブ,神奈川県横浜市港北区新横浜２－７－１７,045-476-1011,200508,35.5075361,139.6134428
450059,他小売,（株）ベリテ,神奈川県横浜市神奈川区鶴屋町３－３３－８,045-415-8800,194805,35.4694032,139.6177613
450061,飲食・外食,（株）Ｗｏｌｆｇａｎｇ’ｓ　Ｓｔｅａｋｈｏｕｓｅ　ＪＡＰＡＮ,東京都港区六本木５－５－１　ロアビル（株）ＷＤＩ　ＪＡＰＡＮ内,03-3470-5307,201401,35.6619029,139.7345679
450063,その他卸売,エバスペヒャーミクニクライメットコントロールシステムズ（株）,神奈川県小田原市久野２４８０,050-3802-7612,201304,35.2742106,139.1320161
450068,他サービス,久光－サノフィ（株）,東京都新宿区西新宿３－２０－２　東京オペラシティタワー,－,201207,35.682955,139.6867214
450072,輸送機器,ＩＴＭ－ＵＮＩＦＲＡＸ（株）,千葉県香取郡神崎町武田２０－８,0478-72-3850,201201,35.8720721,140.4214496
450080,輸送用機器卸売,ＳＩＥ（株）,兵庫県神戸市中央区三宮町３－９－２０,078-385-6036,201406,34.6903782,135.1898136
450082,電気機器卸売,Ｒａｂｂｉｔ　Ａｉｒ　Ｊａｐａｎ（株）,兵庫県神戸市東灘区向洋町中１－１４　イーストコート２番街２０２号室,078-855-2852,201407,34.6910585,135.2705035
450083,機械,ＧＥパワーソリューション（株）,兵庫県神戸市中央区東川崎町１－３－３　神戸ハーバーランドセンタービル７階,078-569-1001,201404,34.6788737,135.1806595
450086,機械,ユネックス合同会社,東京都大田区平和島６－１－１　東京流通センター物流ビルＢ棟４階ＢＥ４－Ｓ,03-6404-6116,201401,35.579357,139.7490337
450087,コンサルティング,ブイグ・アジア（株）,東京都千代田区平河町１－７－２１　平河町昭和ビル６階,03-3239-2277,201412,35.6827773,139.7408776
450088,機械卸売,（株）テナントカンパニージャパン,神奈川県横浜市中区山下町２　産業貿易センタービル９階,045-640-5630,201412,35.4470319,139.6457826
450089,総合卸売,ティッセンクルップ・オートモーティブ・ジャパン（株）,神奈川県横浜市西区みなとみらい２－３－１,045-211-4606,200708,35.4565133,139.6328826
450091,証券,ＣＬＳＡ証券（株）,東京都港区東新橋１－９－２　汐留住友ビル１６階,03-4578-8000,201305,35.6621646,139.7601766
450092,化学卸売,エイチ・ホルスタイン（株）,東京都千代田区九段南２－４－１１,03-5213-5541,201410,35.6933988,139.7442486
450093,広告,（株）ＴＢＷＡ　ＨＡＫＵＨＯＤＯ,東京都港区芝浦１－１３－１０　第３東運ビル,03-5446-7200,200608,35.6462482,139.7532291
450094,貨物運送,ＧＥＯＤＩＳ　Ｊａｐａｎ（株）,東京都品川区大崎５－１－１１　住友生命五反田ビル５階,03-6431-8045,200903,35.6238917,139.724769
450095,その他卸売,メリタジャパン（株）,東京都江東区亀戸２－２６－１０　立花亀戸ビル６階,03-5836-2701,197405,35.6987089,139.8251786
450097,非鉄金属,ＢＡＳＦ戸田バッテリーマテリアルズ合同会社,山口県山陽小野田市新沖１－１－１,0836-55-1011,201502,33.9678276,131.1702212
450098,その他卸売,ＳＴＸ日本（株）,東京都港区虎ノ門１－１－２１　新虎ノ門実業会館７階,03-5510-1323,201402,35.6703684,139.7504851
450099,海運,Ｐａｎ　Ｏｃｅａｎコンテナ日本（株）,東京都港区東新橋２－４－６　パラッツォシエナ６階,03-5425-3703,201108,35.6616165,139.7576011
450101,不動産,ＪＬＬモールマネジメント（株）,東京都台東区上野５－３－４,03-3836-8100,200208,35.7030599,139.774651
450102,電気機器,マイクロンメモリジャパン（株）,東京都港区港南１－２－７０　品川シーズンテラス８階,050-3505-3150,199912,35.6324899,139.743003
460003,他サービス,ＳＭＲＣ　Ａｕｔｏｍｏｔｉｖｅ　Ｉｎｔｅｒｉｏｒｓ　Ｊａｐａｎ合同会社,神奈川県横浜市西区花咲町６－１４５　横浜花咲ビル５階,045-329-1700,201409,35.4572057,139.6244097
460004,医薬品,武田テバ薬品（株）,愛知県名古屋市中村区太閤１－２４－１１,－,195902,35.1671255,136.8804832
460005,医薬品卸売,テバエーピーアイ（株）,東京都港区虎ノ門５－１－５　メトロシティ神谷町７階,03-5404-8441,201009,35.6636711,139.7453244
460012,精密機器卸売,キーサイト・テクノロジー（株）,東京都八王子市高倉町９－１,042-660-3000,201408,35.6685618,139.3643395
460013,輸送機器,ＰＵＲＥＭ　ＹＯＫＯＨＡＭＡ（株）,神奈川県横浜市中区桜木町３－８　３階Ｂ,045-227-4821,201301,35.4516306,139.6295534
460015,医薬品,グラクソ・スミスクライン・コンシューマー・ヘルスケア・ジャパン（株）,東京都港区赤坂１－８－１　赤坂インターシティＡＩＲ,03-4231-5000,201503,35.6697533,139.7431185
460016,倉庫・物流関連,メドライン・ロジスティクス・ジャパン合同会社,東京都文京区小石川１－４－１　住友不動産後楽園ビル１５階,03-5842-8800,201503,35.7102565,139.7520313
460017,情報・システム・ソフト,Ｍｅｌｔｗａｔｅｒ　Ｊａｐａｎ（株）,東京都渋谷区恵比寿１－１８－１８　東急不動産恵比寿ビル５階,03-4520-7100,200908,35.6475172,139.7139154
460019,他サービス,マーベルテクノロジージャパン（有）,東京都品川区上大崎４－１－５　目黒ヒルトップウォーク４階,－,200505,35.6336157,139.7146887
460032,他金融,ブラウン・ブラザーズ・ハリマン・インベストメント・サービス（株）,東京都港区虎ノ門１－２－８　虎ノ門琴平タワー１５階,03-6361-6500,199906,35.6695311,139.7483983
460035,精密機器,ＰＨＣ（株）,東京都港区西新橋２－３８－５,03-5408-7290,194811,35.6650463,139.7524359
460036,医薬品,アレクシオンファーマ合同会社,東京都港区芝浦３－１－１　田町ステーションタワーＮ,03-3457-9550,200809,35.6459204,139.7496339
460039,情報・システム・ソフト,フレクシス（株）,東京都江東区青海２－７－４　Ｔｈｅ　ＳＯＨＯ　５１５,－,200807,35.6181091,139.7749925
460042,機械卸売,エマソンバルブアンドコントロールジャパン（株）,東京都台東区北上野２－２３－５　住友不動産上野ビル２号館,03-5806-7060,194309,35.718322,139.7838599
460043,電気機器,（株）日本ＨＰ,東京都港区港南１－２－７０　品川シーズンテラス２１階,03-5749-8363,201412,35.6324899,139.743003
460044,金属製品,センクシア（株）,東京都港区東新橋２－３－１７　モメント汐留１２階,03-4214-1972,197204,35.662196,139.7581029
460046,ガラス・土石,クアーズテック（株）,東京都品川区大崎２－１１－１　大崎ウィズタワー,03-5437-8411,192809,35.6170135,139.7297625
460048,化学卸売,アクサルタコーティングシステムズ合同会社,東京都港区虎ノ門１－２－８　虎ノ門琴平タワー４階,03-6891-0230,201204,35.6695311,139.7483983
460049,精密機器卸売,ＩＴＷジャパン（株）,東京都江東区北砂１－４－４,03-5633-7100,200712,35.6817313,139.8227702
460052,他金融,Ｓ＆ＰグローバルＳＦジャパン（株）,東京都千代田区丸の内１－６－５　丸の内北口ビル２８階,03-4550-8000,201011,35.683938,139.7668852
460053,証券,（株）ＫＫＲキャピタル・マーケッツ,東京都千代田区丸の内２－１－１　明治安田生命ビル１１階,03-6268-6666,200709,35.6791077,139.7621731
460055,情報・システム・ソフト,シンアクティブ・インク（日本支社）（登記社名　Ｓｙｎａｃｔｉｖｅ，Ｉｎｃ．）,東京都港区赤坂１－１２－３２　アーク森ビル１２階,03-4360-8413,201408,35.6671134,139.740135
460063,医薬品卸売,オーソ・クリニカル・ダイアグノスティックス（株）,東京都品川区大崎１－１１－２　ゲートシティ大崎イーストタワー１６階,0120-036-527,198103,35.6186335,139.7319993
460067,他サービス,エナジープールジャパン（株）,東京都港区芝大門１－３－４　ラウンドクロス芝大門９階,03-6432-0273,201506,35.6598402,139.7547683
460071,情報・システム・ソフト,ワークデイ（株）,東京都港区南青山３－１１－１３　新青山東急ビル７階,03-4572-1200,201308,35.6663001,139.7140807
460074,その他卸売,（株）エッシェンバッハ光学ジャパン,東京都千代田区神田司町２－１５－４,03-3293-8570,199904,35.6940931,139.7666381
460075,情報・システム・ソフト,ケムウォッチ（日本支店）（登記社名　ＵＣＯＲＰ　ＰＴＹ．　ＬＴＤ．）,長崎県長崎市元船町９－１８　長崎ＢｉｚＰＯＲＴ２階,095-872-7847,201302,32.7479921,129.8716134
460076,情報・システム・ソフト,ムーディーズＳＦジャパン（株）,東京都港区愛宕２－５－１　愛宕グリーンヒルズＭＯＲＩタワー２０階,03-5408-4200,201007,35.6621409,139.7488929
460077,情報・システム・ソフト,ムーディーズ・アナリティックス・ジャパン（株）,東京都港区愛宕２－５－１　愛宕グリーンヒルズＭＯＲＩタワー２０階,03-5408-4100,200801,35.6621409,139.7488929
460080,電気機器,エヌヴェントジャパン（株）,神奈川県横浜市港北区新横浜２－１５－１０　ＹＳ新横浜ビル３階,045-476-0271,201511,35.5108932,139.6145811
460082,レジャー・娯楽,合同会社ユー・エス・ジェイ,大阪府大阪市此花区桜島２－１－３３,0570-20-0606,199412,34.6672663,135.4336433
460083,情報・システム・ソフト,（株）ストリームメディアコーポレーション,東京都港区六本木３－２－１　住友不動産六本木グランドタワー,03-6809-6118,197112,35.6645869,139.7377776
460084,化学,日本ペイントホールディングス（株）,大阪府大阪市北区大淀北２－１－２,06-6458-1111,189803,34.7057167,135.4818645
460085,専門店,ＬＶＭＨファッション・グループ・ジャパン（株）,東京都港区北青山３－５－２９　ＯＮＥ表参道,－,201403,35.665836,139.7115627
460086,専門店,フェンディ・ジャパン（株）,東京都千代田区平河町２－１－１　住友不動産平河町ビル７階,03-3514-6170,201410,35.6815534,139.7415321
460087,専門店,ベルルッティジャパン（株）,東京都千代田区隼町３－１６,－,201410,35.681682,139.7420471
460089,他サービス,日本潤東（株）,兵庫県神戸市中央区磯辺通１－１－１８　カサベラ国際プラザビル,078-231-6666,200312,34.6904732,135.2001313
460090,精密機器卸売,ハーマン・ウルトラソニック・ジャパン（株）,千葉県柏市若柴１７８－４　柏の葉キャンパス１４８街区２ＫＯＩＬ５０６,04-7199-8975,201500,35.8948721,139.9505383
460091,他サービス,（株）コーリジャパン,東京都千代田区紀尾井町３－２８　ＡＤＭＩＲＡＬ紀尾井町ビル２階,03-6277-8573,201503,35.6818974,139.7380992
460094,食料品,（株）Ｍａｉｓｏｎ　Ｌａｎｄｅｍａｉｎｅ　Ｊａｐｏｎ,東京都港区麻布台３－１－５　麻布台日の樹ビル１階,03-5797-7385,201502,35.6608153,139.7383539
460096,情報・システム・ソフト,ＢｕｚｚＦｅｅｄ　Ｊａｐａｎ（株）,東京都千代田区紀尾井町１－３　東京ガーデンテラス紀尾井タワー,－,201508,35.679604,139.7369417
460097,食料品,Ｂａｒｒｙ　Ｃａｌｌｅｂａｕｔ　Ｊａｐａｎ（株）,東京都品川区大崎２－１１－１　大崎ウィズタワー２１階,03-6887-8040,200409,35.6170055,139.729518
460098,情報・システム・ソフト,スキャリティ・ジャパン（株）,東京都千代田区大手町１－６－１　大手町ビル４階,03-4405-5400,201501,35.6864055,139.7648086
460099,他サービス,ＡＩＧジャパン・ホールディングス（株）,東京都港区虎ノ門４－３－２０　神谷町ＭＴビル,03-5400-4000,200708,35.6634944,139.744526
460100,投信・投資顧問,ＡＩＧアセットマネジメント（株）,東京都港区虎ノ門４－３－２０　神谷町ＭＴ　ビル,03-5400-4471,201006,35.6634944,139.744526
460103,その他卸売,エイブリィ・デニソン・ジャパン・マテリアルズ（株）,東京都港区海岸１－２－２０　汐留ビルディング１３階,03-5776-1771,200807,35.6568217,139.759378
460104,その他卸売,ビーマス・ジャパン合同会社,大阪府大阪市東淀川区東中島２－８－６　新大阪駅前ビル５０３,06-6990-8038,201208,34.7280161,135.5038164
460105,旅行,（株）カーニバル・ジャパン,東京都中央区銀座６－２－１　Ｄａｉｗａ銀座ビル６階,03-3573-3610,201203,35.671378,139.760131
460106,医薬品,ギリアド・サイエンシズ（株）,東京都千代田区丸の内１－９－２　グラントウキョウサウスタワー１６階,03-6837-0055,201211,35.678574,139.7672846
460107,他サービス,ハーツ・アジア・パシフィック（株）,東京都中央区勝どき３－１３－１　ＦＯＲＥＦＲＯＮＴ　ＴＯＷＥＲ　２１０階,03-6204-3051,198101,35.6591788,139.7736375
460111,その他卸売,（株）インターナショナル・ペーパー・ジャパン,東京都港区西新橋１－７－２　虎ノ門高木ビル３階,03-6550-9779,200807,35.6692503,139.7519914
460112,精密機器卸売,インテュイティブサージカル合同会社,東京都港区赤坂１－１２－３２　アーク森ビルＷＥＳＴ３２階,03-5575-1341,201005,35.6671134,139.740135
460116,精密機器卸売,（株）ハック・ウルトラ,東京都新宿区高田馬場１－２９－９　ＴＤビル５階,03-6205-5510,200604,35.7110729,139.7043404
460123,その他卸売,キンバリークラーク・ジャパン合同会社,東京都千代田区岩本町１－３－９　ハクセイビル４階,0120-778-912,201405,35.6920154,139.7762514
460125,他サービス,Ｌｉｖｅ　Ｎａｔｉｏｎ　Ｊａｐａｎ合同会社,東京都渋谷区神宮前５－５１－６　テラアシオス青山８階,－,201201,35.6628602,139.7097505
460126,情報・システム・ソフト,ＳｅｒｖｉｃｅＮｏｗ　Ｊａｐａｎ合同会社,東京都港区赤坂１－１２－３２　アーク森ビル１５階／３２階／３５階,03-4572-9200,201309,35.6671134,139.740135
460127,情報・システム・ソフト,ＳｏｌａｒＷｉｎｄｓ　Ｊａｐａｎ（株）,東京都中央区京橋２－２－１　京橋エドグラン２６階,050-6861-3304,201500,35.6773686,139.7694908
460128,情報・システム・ソフト,Ｓｐｌｕｎｋ　Ｓｅｒｖｉｃｅｓ　Ｊａｐａｎ合同会社,東京都千代田区大手町１－１－１　大手町パークビルディング８階,03-6206-3780,201202,35.6866068,139.7628234
460132,化学,ケマーズ（株）,東京都港区虎ノ門４－１－１７　神谷町プライムプレイス７階,050-3823-0500,201404,35.6650759,139.7440868
460133,他サービス,ウエスタンユニオンジャパン（株）,東京都港区虎ノ門５－１－５　メトロシティ神谷町７階,03-4589-2800,201511,35.6636711,139.7453244
460135,他小売,トゥミジャパン合同会社,東京都渋谷区東３－１６－３　エフ・ニッセイ恵比寿ビル５階,03-6418-1768,200306,35.6495783,139.7102049
460137,精密機器,ザイレムジャパン（株）,神奈川県川崎市川崎区小川町１４－１９　浜屋八秀ビル３階,044-222-0009,198607,35.5277896,139.699015
460141,コンサルティング,ＰｗＣ税理士法人,東京都千代田区大手町１－２－１　Ｏｔｅｍａｃｈｉ　Ｏｎｅタワー,03-6257-0600,199807,35.6877119,139.7628032
460143,医薬品卸売,ＢｉｏＭａｒｉｎ　Ｐｈａｒｍａｃｅｕｔｉｃａｌ　Ｊａｐａｎ（株）,東京都渋谷区代々木２－１１－１７　ラウンドクロス新宿４階,03-4578-0638,201208,35.6875751,139.69724
460145,化学,ｎｅｏ　ＡＬＡ（株）,東京都千代田区麹町６－２－６　ＰＭＯ麹町２階,－,200412,35.6853449,139.732988
460146,投信・投資顧問,マニュライフ・インベストメント・マネジメント（株）,東京都千代田区丸の内１－８－１　丸の内トラストタワーＮ館１５階,03-6267-1955,200404,35.6832253,139.7697606
460147,投信・投資顧問,マッコーリーアセットマネジメント（株）,東京都千代田区紀尾井町４－１　ニューオータニガーデンコート２０階,03-3512-6470,201310,35.6794644,139.735674
460149,投信・投資顧問,コムジェスト・アセットマネジメント（株）,東京都千代田区丸の内１－８－２　鉄鋼ビルディング９階,03-4588-3640,200703,35.6831305,139.7702398
460151,コンサルティング,タワーズワトソン・インベストメント・サービス（株）,東京都千代田区内幸町２－１－６　日比谷パークフロント１３階,03-6833-4600,201403,35.6708752,139.7536284
460152,投信・投資顧問,（株）ＫＪＲマネジメント,東京都千代田区丸の内２－７－３　東京ビルディング,03-5293-7000,200011,35.6784953,139.7649771
460154,電気機器,（株）新和製作所,埼玉県入間郡毛呂山町葛貫４３３－１１,049-295-1565,198104,35.9280508,139.3225943
460156,海運,（株）ＭＳＣクルーズジャパン,東京都港区六本木３－３－２７　スハラ六本木１階,03-5405-9211,200809,35.663019,139.7369858
460157,損害保険,ＵＫ　Ｐ＆Ｉ　クラブ（日本支店）,東京都港区芝浦１－１－１　浜松町ビル３階,03-5442-6110,200701,35.6516383,139.757975
460158,損害保険,スイス・リー・インターナショナル・エスイー（日本支店）,東京都千代田区丸の内３－２－３　丸の内二重橋ビル２２階,03-5218-2160,201104,35.6777775,139.7615096
460159,投信・投資顧問,アッシュモアジャパン（株）,東京都千代田区丸の内１－５－１　新丸の内ビルディング１１階,03-6860-3777,199900,35.6826212,139.7642436
460160,投信・投資顧問,ＰＡＧインベストメント・マネジメント（株）,東京都港区虎ノ門４－１－２８　虎ノ門タワーズオフィス２０階,03-5776-1300,200204,35.6660437,139.7437276
460161,投資業等,ユニ・アジアキャピタルジャパン（株）,東京都千代田区神田美土代町９－１　ＪＲＥ神田小川町ビル７階,03-3518-9200,199809,35.693723,139.7656256
460163,鉱業,コスモアブダビエネルギー開発（株）,東京都港区芝浦１－１－１　浜松町ビル,03-3798-3144,201411,35.6516383,139.757975
460164,機械,三菱マヒンドラ農機（株）,島根県松江市東出雲町揖屋６６７－１,0852-52-2111,198002,35.4283802,133.1474269
460168,他サービス,（株）ＹＢＭ　ＪＡＰＡＮ,大阪府吹田市江坂町５－１４－１３　ハシモトエージェンシービル２階,－,201401,34.7706035,135.4965071
460169,他サービス,Ｊ－康大（株）,大阪府大阪市中央区本町橋２－２３,06-6439-7087,201408,34.6836886,135.5109393
460170,他サービス,オックスフォード大学イノベーション（日本事務所）,大阪府大阪市北区角田町１－１２　阪急ファイブアネックスビル１０階　ＧＶＨ　＃５　ｔｈｅ　ｈｉｖｅ,－,201203,34.7044449,135.5011649
460174,他サービス,ヴェオリア・ジェネッツ（株）,東京都港区海岸３－２０－２０　ヨコソーレインボータワー,03-6858-3300,199701,35.6400253,139.7565031
460175,化学,日本ペイントマリン（株）,大阪府大阪市北区大淀北２－１－２,06-6455-9590,196709,34.7057167,135.4818645
460176,化学,エーエスペイント（株）,愛知県豊明市阿野町池下３０,0562-92-1101,194800,35.0486343,137.0042758
460177,化学,エーエスレジン（株）,広島県山県郡北広島町新郷１－８,0826-72-8071,201010,34.6687517,132.5418818
460180,化学,ニッペホームプロダクツ（株）,東京都品川区南品川４－１－１５,03-3740-1132,199504,35.6145962,139.7373808
460181,化学,日本ペイント（株）,東京都品川区南品川４－７－１６,0570-200-684,200404,35.6132725,139.7362279
460182,化学,日本ペイント・インダストリアルコーティングス（株）,東京都品川区南品川４－１－１５,03-3740-1130,201504,35.6145962,139.7373808
460183,化学,日本ペイント・サーフケミカルズ（株）,東京都品川区南品川４－１－１５,03-3740-1296,201504,35.6145962,139.7373808
460184,化学,日本ペイント防食コーティングス（株）,千葉県船橋市西浦３－７－１,047-434-1221,196306,35.6872857,139.96445
460185,他サービス,（株）新日本科学ＰＰＤ,東京都中央区明石町８－１　聖路加タワー１２階,03-6821-0900,201504,35.6669425,139.7784923
460187,医薬品,マイランＥＰＤ合同会社,東京都港区虎ノ門５－１１－２　オランダヒルズ森タワー,03-5656-0400,201409,35.6612915,139.7440469
460188,他サービス,ホガス（株）,東京都渋谷区恵比寿４－２０－３　恵比寿ガーデンプレイス・タワー２５階,03-5798-5560,198806,35.6422106,139.7134456
460189,他サービス,ブラウン・フォーマンビバレッジスジャパン（日本支社）（登記社名　Ｂｒｏｗｎ－Ｆｏｒｍａｎ　Ｂｅｖｅｒａｇｅｓ　Ｊａｐａｎ，Ｌ．Ｌ．Ｃ．）,東京都港区芝公園１－６－７　住友不動産ランドマークプラザ９階,03-5776-4550,200504,35.6584113,139.7522909
460190,機械卸売,シーメンス（株）,東京都品川区大崎１－１１－１　ゲートシティ大崎ウエストタワー,03-3493-7500,200112,35.6193971,139.7308079
460192,輸送用機器卸売,エドシャ・ジャパン（株）,神奈川県横浜市西区平沼１－３９－３　三石横浜ビル７階,－,200211,35.4616148,139.6192509
460194,情報・システム・ソフト,ＮＨＮ　ＰｌａｙＡｒｔ（株）,東京都港区虎ノ門１－２３－１　虎ノ門ヒルズ森タワー２２階,03-6263-1100,201510,35.6668216,139.7494178
460196,電気機器,ＬＳ　ＥＬＥＣＴＲＩＣ　Ｊａｐａｎ（株）,東京都千代田区霞が関３－２－６　東京倶楽部ビルディング１３階,03-6268-8241,201010,35.6706399,139.7466018
460199,レジャー・娯楽,（株）ＴＡＲＧＥＴ　ＳＰＯＲＴＳ　ＪＡＰＡＮ,埼玉県蕨市中央３－１９－２０　ライオンズプラザ蕨シティ３階,048-452-8759,201511,35.8263192,139.6861123
460201,精密機器,Ｐｈａｓｅ　Ｏｎｅ　Ｊａｐａｎ（株）,長野県佐久市原字大塚５８２－２,0267-62-2222,201506,36.222603,138.4749776
460203,総合卸売,隴江（株）,東京都中央区日本橋人形町２－２４－３　小出ビル３階,03-3639-5061,200305,35.6865628,139.7841096
460204,輸送用機器卸売,Ｎｏｒｔｈｒｏｐ　Ｇｒｕｍｍａｎ　Ｊａｐａｎ合同会社,東京都千代田区永田町２－１３－１０　プルデンシャルタワー３階,03-6635-2101,201503,35.6759214,139.7385782
460205,他金融,プルデンシャル信託（株）,東京都千代田区永田町２－１３－１０　プルデンシャルタワー,03-5501-5255,201411,35.6759214,139.7385782
460206,精密機器,ＮＥＴＺＳＣＨ　Ｊａｐａｎ（株）,神奈川県横浜市神奈川区守屋町３－９－１３　ＴＶＰビル,045-453-1962,201206,35.4829883,139.6541768
460208,化学卸売,ダブリュー・アール・グレースジャパン（株）,東京都中央区新川２－２１－１８　廣建ニューリバービル３階,03-3537-6006,201506,35.6741609,139.7816213
460210,他小売,アマゾンジャパン合同会社,東京都目黒区下目黒１－８－１　アルコタワーアネックス,03-6367-4000,200007,35.631434,139.7139728
460211,電気機器,シャープ（株）,大阪府堺市堺区匠町１,072-282-1221,193505,34.5959323,135.4333294
460212,化学,美研創新（株）,兵庫県神戸市中央区港島南町５－５－２　神戸国際ビジネスセンター６０５,078-381-5302,201001,34.6573325,135.2163666
460214,他サービス,Ｇｌｏｂａｌ　Ｓｃａｎｎｉｎｇ　Ｊａｐａｎ　Ａ／Ｓ,神奈川県横浜市神奈川区栄町５－１　横浜クリエーションスクエア１９階１９０３,045-548-8547,200011,35.4682233,139.6282344
470001,情報・システム・ソフト,エヌビディア合同会社,東京都港区赤坂２－１１－７　ＡＴＴ新館１３階,－,200004,35.6698452,139.7410732
470004,精密機器,アルファ・エレクトロニクス（株）,東京都千代田区内神田１－２－１０　羽衣ビル２階,03-5282-2640,197812,35.6906422,139.7650882
470006,食料品卸売,エー・ディー・エム・ジャパン（株）,東京都中央区日本橋２－１６－１１　日本橋セントラルスクエア４階,03-6225-5800,197800,35.6807763,139.7762706
470008,情報・システム・ソフト,Ｐｅａｔｉｘ　Ｊａｐａｎ（株）,東京都渋谷区神南１－５－６　Ｈ１Ｏ渋谷神南,03-6805-1730,201110,35.6648154,139.6998153
470013,情報・システム・ソフト,ミランティス・ジャパン（株）,東京都千代田区鍛冶町２－９－１２　神田徳力ビル３階,03-6635-6355,201607,35.6930659,139.7724763
470015,他サービス,トワイニング・ジャパン（株）,東京都港区愛宕２－５－１　愛宕グリーンヒルズＭＯＲＩタワー３６階,03-6895-5100,200700,35.6621409,139.7488929
470021,電気機器,マーレエレクトリックドライブズジャパン（株）,静岡県沼津市大岡３７４４,055-921-5930,193107,35.1314956,138.8867619
470022,他サービス,フィッシャークリニカルサービシズジャパン（株）,東京都江東区新木場１－１２－１０,03-6457-0250,200908,35.6414189,139.836092
470025,鉄鋼・金属卸売,（株）ＡＳＡＫＡ　ＳＯＬＡＲ,福島県郡山市田村町金屋字マセ口４７,024-944-4772,201602,37.3685119,140.3914024
470026,他サービス,Ｐａｃｋｃｉｔｙ　Ｊａｐａｎ（株）,東京都千代田区神田小川町３－７－１　ミツワ小川町ビル６階,03-6273-7350,201604,35.694294,139.7614943
470030,電気機器卸売,ヴィーナステックジャパン（株）,東京都渋谷区代々木３－２５－３　あいおいニッセイ同和損保新宿ビル１２階,03-4405-4576,201505,35.684709,139.6923357
470032,食料品卸売,ＡＡＫ・ミヨシジャパン（株）,東京都港区三田３－１１－３６　三田日東ダイビル２０１,03-6231-2876,201601,35.6419221,139.7421707
470034,電気機器,Ｔ＆Ｄ　Ｌｉｇｈｔｅｃ（株）,東京都港区三田１－４－２８　三田国際ビル２６階,03-4582-2560,201409,35.6525477,139.744434
470035,建物管理・警備,グローブシップ・ソデクソ・コーポレートサービス（株）,東京都港区芝４－１１－３　芝フロントビル７階,03-6362-9891,201603,35.6481185,139.7509135
470040,化学,クラリアントケミカルズ（株）,東京都文京区本駒込２－２８－８　文京グリーンコートセンターオフィス９階,－,201509,35.7299074,139.7474002
470046,化学卸売,クアーズテック販売（株）,東京都品川区大崎２－１１－１　大崎ウィズタワー１０階,03-5437-8411,201507,35.6170055,139.729518
470048,繊維・衣服卸売,（株）マックスアンドコー・ジャパン,東京都港区南青山６－１２－１　ＴＴＳ南青山ビル４階,03-6434-5101,200008,35.6607806,139.7147932
470049,繊維・衣服卸売,（株）ラコステジャパン,東京都品川区上大崎３－１－１　ＪＲ東急目黒ビル３階,03-6843-5427,198701,35.6326864,139.7157508
470050,他サービス,ｊｕｗｉ自然電力オペレーション（株）,東京都文京区本郷５－３３－１０　いちご本郷ビル３階,03-3868-0344,201305,35.7114387,139.755425
470051,情報・システム・ソフト,ＤＺＳ　Ｊａｐａｎ（株）,東京都新宿区西新宿６－１２－１　パークウエスト１３階,03-6258-1565,199701,35.693999,139.6895022
470052,輸送用機器卸売,ＨＵＴＣＨＩＮＳＯＮ　ＪＡＰＡＮ（株）,東京都港区港南２－１３－３４,03-6711-8080,201101,35.62777,139.7453443
470053,貨物運送,コスコシッピングロジスティックスジャパン（株）,東京都千代田区霞が関３－２－１　霞が関コモンゲート西館３３階,03-5532-5330,200507,35.671849,139.747976
470055,コンサルティング,キャップジェミニ（株）,東京都港区虎ノ門１－２３－１　虎ノ門ヒルズ森タワー２２階,03-6865-9510,201210,35.6668216,139.7494178
470061,損害保険,ガードジャパン（株）,東京都港区東新橋１－５－２　汐留シティセンター８階,03-5537-7266,201001,35.6654972,139.7608806
470062,他サービス,コファス・サービス・ジャパン（株）,東京都港区愛宕２－５－１　愛宕グリーンヒルズＭＯＲＩタワー３８階,03-5402-6110,199902,35.6621409,139.7488929
470063,他サービス,ＬＲＱＡサステナビリティ（株）,神奈川県横浜市西区みなとみらい２－３－１　クイーンズタワーＡ１０階,045-670-7443,200006,35.4557834,139.6330448
470068,他製造業,インテグリス・ジャパン（株）,東京都港区三田１－４－２８　三田国際ビルヂング,－,201209,35.6525477,139.744434
470070,自動車販売,コーンズ・モータース（株）,東京都港区芝３－５－１　コーンズハウス,－,201111,35.6523291,139.7485902
470071,他サービス,サイネオス・ヘルス・クリニカル（株）,東京都港区港南１－２－７０　品川シーズンテラス２７階,03-6700-4700,201304,35.6324899,139.743003
470074,精密機器卸売,クロスライトソフトウェアインク（日本支社）,千葉県千葉市中央区新田町３３－１　ベルファースト４階,043-241-2381,200109,35.6075644,140.1102499
470077,映像・音楽,スポティファイジャパン（株）,東京都渋谷区渋谷１－２－５,－,201300,35.6617445,139.7066514
470078,銀行,台新國際商業銀行東京支店,東京都千代田区丸の内２－１－１　明治安田生命ビル８階,03-3212-6668,201610,35.6791077,139.7621731
470079,損害保険,アトラディウス信用保険会社（日本支店）（登記社名　アトラディウス・クレディト・イ・カウション・エセ・アー・デ・セグロス・イ・レアセグロス）,東京都港区虎ノ門４－３－１　城山トラストタワー３０階,03-5776-7300,200408,35.6646397,139.7430889
470080,他サービス,ＤＴＣＣデータ・レポジトリー・ジャパン（株）,東京都千代田区霞が関３－２－５　霞が関ビルディング２９階,03-3519-1670,201204,35.671183,139.7472406
470083,化学卸売,ポゾリスソリューションズ（株）,神奈川県茅ヶ崎市萩園２７２２　ＢＡＳＦ茅ヶ崎技術開発センター内,0467-84-9640,198012,35.3407326,139.3762124
470085,機械,グリーソンサイクニ（株）,新潟県新潟市江南区亀田工業団地２－２－１０,025-381-3151,201210,37.8718398,139.0799135
470087,医薬品,ＭＳＤアニマルヘルス（株）,東京都千代田区九段北１－１３－１２　北の丸スクエア８階,03-6272-1099,199608,35.6957677,139.7505941
470089,機械,イーグルブルグマンジャパン（株）,東京都港区芝大門１－１２－１５　正和ビル,03-3432-3892,198903,35.6579002,139.7530295
470091,医薬品卸売,ホビオン（株）,大阪府大阪市北区角田町８－４７　阪急グランドビル２０階　リージャスビジネスセンター内,06-7711-1578,201702,34.7029862,135.4990478
470092,他小売,ジュエルソース・ジャパン・ホールディングス（株）,神奈川県横浜市神奈川区鶴屋町３－３３－８　アサヒビルヂング１１階,045-415-8820,201010,35.4693632,139.6177571
470093,人材派遣・業務請負,（株）ジェイサット,大阪府大阪市淀川区宮原１－１－１　新大阪阪急ビル３階,06-6123-7875,201605,34.7340232,135.5000788
470094,食料品卸売,ポルトガル・トレード（株）,大阪府豊中市新千里西町３－６－１２,050-5532-3767,201511,34.8133613,135.4886469
470097,精密機器卸売,ユービック（株）,大阪府大阪市中央区道修町２－１－１０,－,201609,34.6887341,135.5058064
470098,その他卸売,大興商事（株）,大阪府大阪市中央区農人橋２－１－３５　第８松屋ビル１００８,06-6809-5660,201606,34.681087,135.5138707
470101,化学,デュポン・スペシャルティ・プロダクツ（株）,東京都千代田区永田町２－１１－１　山王パークタワー,03-5521-8500,201607,35.6733558,139.7403363
470102,医薬品,コルテバ・アグリサイエンス日本（株）,東京都千代田区永田町２－１１－１　山王パークタワー,03-3519-3410,201607,35.6733558,139.7403363
470103,化学卸売,ヴェルサムマテリアルズ・ジャパン（株）,東京都目黒区下目黒１－８－１　アルコタワー５階,－,201607,35.6316957,139.7132982
470104,食料品卸売,ベル　ジャポン（株）（登記社名　Ｂｅｌ　Ｊａｐｏｎ（株））,東京都港区南青山３－１３－１８　３１３南青山ビル５階,－,200511,35.6655166,139.7133604
470105,食料品卸売,グリーン・シャイニー（株）,大阪府大阪市東淀川区西淡路１－１５－３　ル・シェル新大阪６階,－,201601,34.7396352,135.5050684
470107,化学卸売,ユーピーエルジャパン合同会社,東京都中央区明石町８－１　聖路加タワー３８階,03-3547-4333,200903,35.6669425,139.7784923
470108,新聞・出版,中国出版トーハン（株）,東京都新宿区東五軒町６－２４　（株）トーハン本社ビル６階,－,201006,35.707983,139.7387258
470110,輸送用機器卸売,ハリスパイジャパン（株）,兵庫県神戸市中央区海岸通４　新明海ビル５階５０５,078-326-0121,199912,34.6868526,135.190662
470111,その他卸売,ダイナオックス（株）,兵庫県芦屋市川西町５－２,0797-22-8321,198207,34.7295068,135.3002266
470113,情報・システム・ソフト,ＤＸＣテクノロジー・ジャパン（株）,東京都中央区京橋２－２－１　京橋エドグラン１７階,03-6665-0222,201606,35.6773686,139.7694908
470114,その他卸売,ヒュービディックジャパン（株）,東京都八王子市北野町５０７－６,042-649-1920,201307,35.6524371,139.3478352
470115,その他卸売,日本ペットアライアンス（株）,兵庫県神戸市中央区浜辺通５－１－１４　神戸商工貿易センタービル１１階,078-230-3040,201606,34.6881915,135.1996923
470116,輸送機器,マレリ（株）,埼玉県さいたま市北区日進町２－１９１７,048-660-2111,193808,35.9356492,139.6074509
470118,投信・投資顧問,教保生命アセット・マネジメント・ジャパン（株）,東京都千代田区麹町２－２－３１　麹町サンライズビル７階,03-6206-1398,201610,35.6844391,139.741356
470119,総合卸売,（株）三養社（東京支店）,東京都千代田区有楽町１－５－１　日比谷マリンビル８階,03-3501-2371,201609,35.6744763,139.7596575
470120,他サービス,テックインサイツジャパン（株）,東京都千代田区内幸町１－１－１　帝国ホテル本館６階６１４号室,03-6869-7700,200410,35.6724056,139.7583398
470123,電気機器,シナプティクス・ジャパン合同会社,東京都中野区中野４－１０－２　ＮＡＫＡＮＯ　ＣＥＮＴＲＡＬ　ＰＡＲＫ　サウス１３階,03-5913-5720,200803,35.706985,139.6614936
470124,銀行,シティバンク，エヌ・エイ（東京支店）,東京都千代田区大手町１－１－１　大手町パークビルディング,03-6776-5000,201611,35.6866068,139.7628234
470128,他サービス,マーレジャパン（株）,東京都豊島区北大塚１－９－１２,050-3363-0000,199808,35.7315141,139.7327383
470129,輸送用機器卸売,マーレトレーディングジャパン（株）,東京都豊島区北大塚１－９－１２,050-3363-7091,200800,35.7315141,139.7327383
470130,他製造業,エヌ・エム・ピイビジネスサポート（株）,兵庫県三田市テクノパーク９－１,079-568-4778,200003,34.9281026,135.1525205
470131,倉庫・物流関連,（株）キュラーズ,東京都品川区大崎３－５－２,03-4563-1500,200108,35.6207987,139.7254754
470132,電気機器,ハイアールアジアＲ＆Ｄ（株）,埼玉県熊谷市平戸２４８０－１,048-520-2300,201407,36.1348922,139.4007816
470133,他サービス,ＤＮＶビジネス・アシュアランス・ジャパン（株）,兵庫県神戸市中央区御幸通４－２－２０　三宮中央ビル９階,078-291-1321,196500,34.6940114,135.1993996
470134,食料品卸売,Ｄｅｎｉｓ　Ｊａｐａｎ（株）,東京都千代田区霞が関３－６－７　霞が関プレイス,03-5510-2660,201406,35.6716958,139.7453443
470135,精密機器,シュナイダーエレクトリックシステムス（株）,東京都港区芝浦２－１５－６　オアーゼ芝浦ＭＪビル,03-5931-7691,200712,35.6444488,139.7527609
470137,機械,工機ホールディングス（株）,東京都港区港南２－１５－１　品川インターシティＡ棟,03-5783-0601,194812,35.627518,139.7420043
470139,不動産,ＤＦプロパティ（株）,東京都千代田区霞が関３－６－７　霞が関プレイス,03-5510-2345,201101,35.6716958,139.7453443
470141,ガラス・土石,ＭＣＣ－ＳＧＬプレカーサー（株）,東京都千代田区丸の内１－１－１　パレスビル,03-6748-7503,201004,35.685132,139.7615664
470142,その他卸売,スペクトラム　ブランズ　ジャパン（株）（登記社名　スペクトラムブランズジャパン（株））,神奈川県横浜市西区北幸２－６－２６　ＨＩ横浜ビル３階,045-329-1230,200212,35.4672034,139.6167612
480004,電気機器,カナディアン・ソーラー・プロジェクト（株）,東京都新宿区西新宿２－１－１　新宿三井ビル５０階,03-6911-2901,201405,35.6919097,139.6939012
480006,情報・システム・ソフト,Ｖｅｃｉｍａ　Ｓｏｌｕｔｉｏｎｓ（株）,東京都台東区浅草橋３－２０－１５　浅草橋ミハマビル６階,03-3864-5718,201702,35.7009986,139.7884149
480009,精密機器,ベックマン・コールター・三島（株）,静岡県駿東郡長泉町東野４５４－３２,055-999-1133,197806,35.1597773,138.8814428
480011,投資業等,マン・グループ・ジャパン・リミテッド（東京支店）,東京都港区赤坂５－３－１　赤坂Ｂｉｚタワー２７階,03-6441-2460,200000,35.673175,139.7363593
480012,不動産,プロロジス・リート・マネジメント（株）,東京都千代田区丸の内２－７－３　東京ビルディング２１階,03-6867-8585,201206,35.6786068,139.7649357
480015,食料品,ネスレネスプレッソ（株）,東京都品川区東五反田２－１０－２　東五反田スクエア１５階,－,200810,35.6247208,139.7272831
480017,医薬品,サンドファーマ（株）,東京都港区虎ノ門１－２３－１　虎ノ門ヒルズ森タワー,03-6899-7000,201308,35.6668216,139.7494178
480018,人材派遣・業務請負,シミック・アッシュフィールド（株）,東京都港区芝浦１－１－１　浜松町ビルディング,03-6779-8141,200008,35.651812,139.7576211
480021,情報・システム・ソフト,（株）ＪＩＲＡＮ　ＪＡＰＡＮ,東京都港区東新橋２－１２－１　ＰＭＯ東新橋７階,03-6826-1918,201107,35.6606567,139.7557953
480022,その他卸売,惠遠ジャパン（株）,東京都中央区日本橋室町１－１０－５　テラサキ第１ビル３階,03-6262-5351,201506,35.685437,139.7757714
480023,情報・システム・ソフト,Ｓｐｒｉｎｋｌｒ　Ｊａｐａｎ（株）,東京都港区六本木７－１８－１８　住友不動産六本木通ビル１１階,03-6434-0871,201412,35.6620267,139.7284405
480025,飲食・外食,（株）ドミノ・ピザジャパン,東京都千代田区岩本町１－１０－３　紀繁ビル４，５階,－,201107,35.6929043,139.7784275
480026,精密機器卸売,ゼブラ・テクノロジーズ・ジャパン（株）,東京都千代田区内幸町１－５－２　内幸町平和ビル１４階,－,201407,35.6695899,139.7579452
480028,飲食・外食,ファーストキッチン（株）,東京都新宿区四谷４－３４－１　新宿御苑前アネックスビル５階,03-3350-9450,197703,35.6902514,139.714872
480029,電気機器卸売,アイロボットジャパン合同会社,東京都千代田区神田錦町３－２０　錦町トラッドスクエア５階,03-5283-9333,201704,35.6932687,139.7608154
480033,精密機器卸売,ティー・エイ・インスツルメント・ジャパン（株）,東京都品川区西五反田５－２－４　レキシントン・プラザ西五反田６階,03-5759-8500,199111,35.6258791,139.7163094
480034,他サービス,オックスフォード・イムノテック（株）,神奈川県横浜市港北区新横浜３－８－８　日総第１６ビル８階,045-473-8005,201206,35.5107194,139.6184741
480036,情報・システム・ソフト,ＡＢＢＹＹジャパン（株）,神奈川県横浜市港北区新横浜２－３－１２　新横浜スクエアビル１４階,045-285-2410,201402,35.5079183,139.6151679
480037,電気機器卸売,Ｋｒａｎｎｉｃｈ　Ｓｏｌａｒ（株）,愛知県名古屋市中区丸の内１－７－２５　タワーオブストリングス７階,052-222-0215,201302,35.1750358,136.895126
480038,化学卸売,ユミコア日本触媒（株）,愛知県常滑市りんくう町１－２５－１９,0569-38-7670,201203,34.890639,136.8274994
480039,その他卸売,（株）ビュッフェ・クランポン・ジャパン,東京都江東区東陽４－８－１７,03-5632-5511,196700,35.6710917,139.8175041
480043,医薬品卸売,大熊製薬（株）,大阪府大阪市中央区久太郎町３－１－２７,－,201705,34.6813634,135.5029111
480044,他製造業,（株）鷹江実業,大阪府大阪市中央区内本町２－３－８　ダイアパレスビル本町９０３,06-7709-1538,201706,34.6831131,135.5122685
480046,不動産,ＩＮＳＥＥＤ（株）,大阪府大阪市中央区高津１－９－１０　サムティインテリジェンスビル１０１,070-2179-7678,201706,34.6673178,135.5116608
480049,投信・投資顧問,リーガル・アンド・ジェネラル・インベストメント・マネジメント・ジャパン（株）,東京都港区虎ノ門１－２－８　虎ノ門琴平タワー２２階,03-5532-1920,201702,35.6695311,139.7483983
480051,他サービス,Ｗｉｌｌｉｓ　Ｊａｐａｎ　Ｓｅｒｖｉｃｅｓ（株）,東京都千代田区内幸町２－１－６　日比谷パークフロント１３階,03-6833-4601,199100,35.6708752,139.7536284
480052,損害保険,Ｇａｌｌａｇｈｅｒ　Ｒｅ　Ｊａｐａｎ（株）,東京都千代田区内幸町２－１－６　日比谷パークフロント１３階,03-6833-4602,200602,35.6708752,139.7536284
480055,機械等修理,未来宝日本（株）,三重県四日市市海山道町１－７６,059-340-3070,201309,34.9443093,136.6216508
480057,情報・システム・ソフト,（株）光庭インフォ,東京都大田区蒲田５－３３－６　ＮＳビル,03-5714-2621,201308,35.5594982,139.7184741
480059,その他卸売,合同会社Ｃｈｉｎｌｕｎ’ｓ　Ｔｈｉｎｇｓ　Ｓｔｏｒｅ,愛知県名古屋市名東区本郷２－６６－３,052-774-3035,201505,35.176175,137.0127309
480060,化学卸売,Ｔｏｒｒｅｃｉｄ，　Ｓ．Ａ．（日本支店）,愛知県名古屋市中区丸の内３－５－１０　名古屋丸の内ビル３階,052-265-5622,201512,35.1778862,136.9068099
480062,コンサルティング,ＧＲＭ　Ｃｏｎｓｕｌｔｉｎｇ（株）,愛知県愛知郡東郷町白鳥１－１１－１８,050-5534-2178,201701,35.1087026,137.0564774
480063,輸送機器,ゲスタンプ・ホットスタンピング・ジャパン（株）,三重県松阪市嬉野天花寺町字清水谷６６６－１０,0598-48-1133,201612,34.6335089,136.4597353
480064,輸送機器,ゲスタンプ・オートテック・ジャパン（株）,東京都千代田区丸の内１－９－２　グラントウキョウサウスタワー１５階,03-6551-2428,201710,35.678574,139.7672846
480065,その他卸売,ＨＡＯＤＡ　ＪＡＰＡＮ（株）,愛知県名古屋市中村区名駅３－１２－５　竹生ビル別館西側２階,052-589-9520,201703,35.1739178,136.8849911
480066,情報・システム・ソフト,ＥＰＬＡＮ　Ｓｏｆｔｗａｒｅ＆Ｓｅｒｖｉｃｅｓ（株）,神奈川県横浜市港北区新横浜２－５－１１　金子第１ビル７階,045-274-7904,201401,35.5096736,139.6159611
480068,電気機器卸売,オイヒナー（株）,愛知県小牧市大字小牧原新田１２６９－１,0568-74-5237,201508,35.3000894,136.9258842
480070,貨物運送,ＡＧＳ　Ｆｏｕｒ　Ｗｉｎｄｓ　Ｊａｐａｎ（株）,東京都千代田区永田町２－１２－８　永田町ＳＲビル６階,03-6205-7940,201302,35.6744654,139.7388377
480071,化学,ティッセンクルップ・ウーデ・クロリンエンジニアズ（株）,東京都中央区日本橋茅場町１－１３－１２　さくら日本橋ビル７階,03-5614-8211,197310,35.6797197,139.7814232
480072,輸送用機器卸売,ティーケー・ホームソリューションズ・ジャパン（株）,東京都港区赤坂４－１５－１　赤坂ガーデンシティ１階,03-5575-3071,200607,35.6742711,139.7314575
480076,輸送用機器卸売,サムスン重工業（株）　東京事務所,東京都千代田区富士見２－１０－２　飯田橋グラン・ブルーム２８階,03-6333-2933,‥,35.6989473,139.7438702
480077,化学,ネクシオン・ジャパン（株）,神奈川県横浜市緑区白山１－１８－２　ジャーマンインダストリーパーク４階,045-670-9220,201300,35.5094036,139.5543354
480079,鉄鋼・金属卸売,（株）東国,東京都中央区日本橋茅場町３－１１－１０　ＰＭＯ日本橋茅場町７階,03-5623-5723,198006,35.6776851,139.7790875
480080,その他卸売,ロッテ酒類ジャパン（株）,東京都港区三田１－４－２８,03-5484-1234,198000,35.6526236,139.7443802
480081,その他卸売,（株）ＣＵ,東京都港区虎ノ門１－２－１０　虎の門桜田通ビル８階,03-6205-7385,201205,35.6692182,139.7483783
480083,他サービス,インフォーママーケッツジャパン（株）,東京都千代田区鍛冶町１－８－３　神田９１ビル２階,03-5296-1011,200606,35.6908542,139.7725962
480085,ガラス・土石卸売,イルジンジャパン（株）,東京都港区浜松町２－２－１５　浜松町ゼネラルビル７階,03-5405-2820,200301,35.6553299,139.7548062
480086,電気機器卸売,（株）ソリッドジャパン,東京都千代田区飯田橋４－６－９　ロックフィールドビル４階,03-5211-5001,201306,35.7008699,139.7468214
480087,他サービス,Ｊａｐａｎ　Ｏｕｔｓｏｕｒｃｉｎｇ　Ｓｏｌｕｔｉｏｎｓ（株）,東京都港区西新橋３－２４－８　山内ビル３階,03-4577-3514,201703,35.6613186,139.7511277
480088,化学卸売,ソンウォンインターナショナルジャパン（株）,東京都港区西新橋１－５－８　西新橋一丁目川手ビル８階,03-6268-8721,201112,35.6691121,139.7539278
480094,化学,銀座ステファニー化粧品（株）,東京都港区新橋１－５－１　ステファニー銀座中央通ビル,03-3289-1133,199203,35.6674051,139.7606757
480095,総合卸売,サムスンＣ＆Ｔジャパン（株）,東京都港区港南２－１６－４　品川グランドセントラル６階,03-6369-6600,201201,35.6266147,139.7407736
480096,非鉄金属,明道メタル（株）,新潟県燕市燕５０２５,0256-63-3111,200404,37.6636612,138.9353863
480097,他製造業,エトコン・ジャパン（株）,千葉県山武郡芝山町岩山１２５－３　プロロジスパーク成田３,0479-85-6550,201503,35.7403715,140.4027851
480102,コンサルティング,Ｓｉａ　Ｐａｒｔｎｅｒｓ（株）,東京都港区東麻布１－２３－５,03-5288-5101,201503,35.6561407,139.7444324
480103,機械卸売,ＢＡ　Ｊａｐａｎ（株）,愛知県名古屋市熱田区新尾頭２－２－３２　勢州館金山ビル６階,052-678-2240,201500,35.1386976,136.8991616
480104,その他卸売,シダスジャパン（株）,神奈川県横浜市中区不老町２－９－１　関内ワイズビル７階,045-263-9559,200906,35.4420515,139.6360438
480105,電力・ガス,ＢａｙＷａ　ｒ．ｅ．Ｊａｐａｎ（株）,東京都港区港南２－１６－４　品川グランドセントラルタワー１８階,03-6432-0111,201502,35.6266147,139.7407736
480106,電気機器卸売,ｅｂｍ－ｐａｐｓｔ　Ｊａｐａｎ（株）,神奈川県横浜市港北区新横浜２－８－１２　Ａｔｔｅｎｄ　ｏｎ　Ｔｏｗｅｒ　１３階,045-470-5751,199910,35.506936,139.6121009
480108,機械卸売,フォッケ・ホンコン・リミテッド（日本支店）,静岡県浜松市南区東若林町１５２２－２,053-444-6011,199400,34.685561,137.7119639
480109,化学卸売,サーテックＭＭＣジャパン（株）,東京都中央区新川１－２７－８　新川大原ビル７階,03-3537-6888,200812,35.6756759,139.783061
480110,その他卸売,トレルボルグ・マリンシステムズ・ジャパン（株）,東京都千代田区隼町２－１１　奥田ビル３階,03-3512-1981,200500,35.6824728,139.7419911
480113,情報・システム・ソフト,ジーエフケー・インサイト・ジャパン（株）,東京都中野区本町２－４６－１　中野坂上サンブライトツイン１５階,03-5350-4621,200909,35.6966592,139.6821244
480114,電気機器卸売,ストーバー・ジャパン（株）,東京都葛飾区四つ木１－３１－８,03-5875-7583,201005,35.73486,139.8355927
480115,精密機器卸売,イスラビジョン・ジャパン（株）,神奈川県横浜市港北区新横浜３－２０－８　ＢＥＮＥＸ　Ｓ－３,045-534-9911,200003,35.5116931,139.6163762
480116,電気機器卸売,オーディーユージャパン（株）,東京都港区六本木２－３－９　ユニオン六本木ビル７階,03-6441-3210,201508,35.6664533,139.7376402
480117,海運,シー・ピー・シー・コンソリディテッドプールキャリヤーズ・アジア（株）,東京都中央区築地７－５－３　紀文第一ビル７階,03-3541-9191,199712,35.6659756,139.7737145
480119,情報・システム・ソフト,ＩＰＧ　Ａｕｔｏｍｏｔｉｖｅ（株）,東京都港区西新橋２－９－１　ＰＭＯ西新橋９階,03-5826-4301,201406,35.6668521,139.7526752
480121,コンサルティング,エクスペリアンジャパン（株）,東京都千代田区大手町１－１－１　大手町パークビル７階,03-6262-7600,201704,35.6898953,139.7604411
480122,輸送用機器卸売,エルアンドピーオートモティブジャパン（株）,神奈川県横浜市西区みなとみらい２－３－１　クイーンズタワーＡ１２０７Ｂ,045-323-9417,198705,35.4558059,139.6331171
480123,機械卸売,ワールドリッヒジーゲンジャパン・ジーエム・ビーエイチ（日本支社）,神奈川県横浜市港北区新横浜３－８－１１　メットライフ新横浜ビル５階,045-534-9067,200405,35.5109389,139.6186448
480126,精密機器,ディサイン（株）,神奈川県横浜市緑区霧が丘６－２－１５,045-620-5001,200611,35.5130127,139.4974219
480128,その他卸売,コンチテック・ジャパン（株）,神奈川県横浜市神奈川区新浦島町１－１－２３,045-444-3662,200611,35.4805301,139.6455366
480133,精密機器卸売,デュールデンタルジャパン（株）,兵庫県神戸市中央区港島南町６－５－８,078-335-8883,201407,34.6566925,135.2197585
480134,精密機器卸売,ニューベイシブジャパン（株）,東京都中央区銀座７－１４－１３　日土地銀座ビル,03-3549-6500,200905,35.6671265,139.7646617
480135,その他卸売,イグザクテック（株）,東京都中央区日本橋３－１５－２　鹿児島ビル８階,03-6262-0880,200801,35.6784004,139.7747729
480137,情報・システム・ソフト,（株）ＮＴＱジャパン,神奈川県横浜市神奈川区金港町６－３　横浜金港町ビル３階,045-228-9010,201602,35.4685512,139.6255651
480138,機械卸売,日本シーペックス（株）,神奈川県横浜市緑区白山１－１８－２　ジャーマンインダストリーパーク,045-507-5890,200612,35.5094036,139.5543354
480139,精密機器卸売,ｓｗｉｓｓＱｐｒｉｎｔ　Ｊａｐａｎ（株）,神奈川県横浜市港北区新横浜３－２－６　ＶＯＲＴ新横浜１階,045-624-9991,201702,35.51085,139.6213729
480140,情報・システム・ソフト,ＣＭＣ　Ｊａｐａｎ（株）,神奈川県横浜市西区みなとみらい３－７－１　オーシャンゲートみなとみらい８階,045-263-9230,201708,35.4580313,139.6343461
480141,機械,アルヴォス（株）,兵庫県神戸市中央区小野柄通７－１－１８　三宮ビル北館３階,078-242-5800,201406,34.6934166,135.1960338
480143,精密機器卸売,オレンジサイエンス（株）,神奈川県横浜市港北区新横浜３－７－１８　第１８ビル５階,050-5433-8000,201611,35.5097206,139.61698
480144,精密機器卸売,ＥＣＩ　ＪＡＰＡＮ（株）,神奈川県横浜市港北区新横浜２－５－１５　新横浜センタービル８階,045-620-4661,201607,35.5093109,139.6156857
480146,輸送機器,長城日本技研（株）,神奈川県横浜市港北区新横浜３－１６－８　新横浜丸文ビル,045-624-9337,201509,35.5118845,139.6188724
480148,貨物運送,フェラーリ・ロジスティクス・ジャパン（株）,東京都中央区京橋１－６－１３　ＶＯＲＴ京橋２ビル２階,03-5524-7760,201302,35.6776324,139.7718002
480150,その他卸売,Ｆｏｓｃａｒｉｎｉ　Ｊａｐａｎ（株）,東京都港区南麻布３－１９－２３　オーク南麻布ビル２階,03-4580-1510,201603,35.6473872,139.7300369
480154,鉄鋼・金属卸売,Ａｌｔｅａｍｓ　Ｊａｐａｎ（株）,神奈川県横浜市中区尾上町４－５７　横浜尾上町ビルディング８階,045-285-1624,201605,35.4459185,139.635207
480155,情報・システム・ソフト,Ｒｅａｋｔｏｒ　Ｊａｐａｎ（株）,東京都渋谷区恵比寿３－２８－２　Ｓｒｅｅｄ　ＥＢＩＳＵ４階,03-6447-7476,201402,35.6437805,139.715683
480156,食料品卸売,クリスチャン・ハンセン・ジャパン（株）,東京都港区芝３－４３－１６　ＫＤＸ三田ビル１０階,03-3457-8720,200709,35.6506625,139.7451999
480159,精密機器卸売,オリジオ・ジャパン（株）,神奈川県横浜市中区日本大通１１　横浜情報文化センター４階,045-319-6580,201204,35.4462405,139.6428978
480160,他製造業,サノボテクノロジー（株）,東京都港区芝１－９－６　マツラビル６階,03-6809-3700,199804,35.651231,139.7550434
480162,情報・システム・ソフト,（株）オセロ,東京都渋谷区恵比寿１－１９－１５　ウノサワ東急ビル７階,03-6408-2809,201609,35.6474157,139.7132495
480163,その他卸売,（株）プロテインテック・ジャパン,東京都江東区東陽２－２－２０　東陽駅前ビル,03-5632-9712,201611,35.666358,139.8159928
480164,精密機器卸売,ＤＩＯデジタル（株）,東京都中央区日本橋本町４－１５－１１　市橋ビル９階,03-6231-0822,201610,35.6900898,139.77673
480166,他サービス,（株）Ｃａｎｃｅｒ　Ｐｒｅｃｉｓｉｏｎ　Ｍｅｄｉｃｉｎｅ,神奈川県川崎市高津区坂戸３－２－１,－,201707,35.5947841,139.6208244
480169,機械卸売,アトラスコプコ（株）,東京都港区芝公園１－１－１　住友不動産御成門タワー８階,03-6809-2538,201711,35.6606374,139.7518279
480170,コンサルティング,ロスチャイルド・アンド・コー・ジャパン（株）,東京都港区赤坂９－７－１　ミッドタウン・タワー４３階,03-6450-1200,201703,35.6662186,139.7303961
480171,他サービス,ノース・アメリカン・サイエンス・アソシエイツ・ジャパン合同会社,東京都中央区日本橋本町３－７－２　ＭＦＰＲ日本橋本町ビル３階,03-6803-5645,201711,35.6891307,139.7763505
480172,投資業等,トレードウェブ・ジャパン（株）,東京都中央区京橋２－２－１　京橋エドグラン２６階,03-4233-1253,201701,35.6773686,139.7694908
480173,生命保険,アフラック生命保険（株）,東京都新宿区西新宿２－１－１　新宿三井ビル,03-5908-6410,201804,35.6919097,139.6939012
480174,情報・システム・ソフト,（株）ＬＧ　ＣＮＳ　ジャパン,東京都中央区京橋２－１－３　京橋トラストタワー１２階,03-5299-9278,201312,35.6778093,139.77012
480175,投信・投資顧問,ティー・ロウ・プライス・ジャパン（株）,東京都千代田区丸の内１－９－２　グラントウキョウサウスタワー１０階,03-6758-3800,201804,35.678574,139.7672846
480177,生命保険,カーディフ生命保険（株）,東京都渋谷区桜丘町２０－１　渋谷インフォスタワー９階,03-6415-6350,201707,35.655329,139.7009496
480178,損害保険,カーディフ損害保険（株）,東京都渋谷区桜丘町２０－１　渋谷インフォスタワー９階,03-6415-6340,201707,35.655329,139.7009496
480179,情報・システム・ソフト,ＰＨＣメディコム（株）,東京都台東区上野１－４－８　上野横山ビル１階,03-3837-3734,199409,35.7056831,139.7707644
480180,電気機器卸売,Ｖｉｃｏｒ（株）,東京都品川区西五反田８－９－５　ＦＯＲＥＣＡＳＴ五反田ＷＥＳＴ６階,03-5487-3016,201707,35.6209147,139.7199376
480181,不動産,（株）アスコット,東京都渋谷区神宮前３－１－３０　Ｄａｉｗａ青山ビル,03-6721-0248,199904,35.6695701,139.7147134
480183,他サービス,（株）エム・エイチ・グループ,東京都渋谷区千駄ケ谷１－１１－１,03-5411-7222,199004,35.6773044,139.7109878
490005,他サービス,ＴＮＯ　ＪＡＰＡＮ（株）,神奈川県横浜市港北区新横浜３－７－１８　日総第１８ビル,045-594-7519,201804,35.5097517,139.6169604
490007,精密機器卸売,トロフィー・ラジオロジー・ジャパン（株）,東京都中央区日本橋蛎殻町１－３９－５　水天宮北辰ビル８階,03-5847-1101,199208,35.6833527,139.7843667
490010,医薬品卸売,ファーハイジャパン薬業（株）,愛知県名古屋市中区丸の内３－４－３０　クエスト丸の内ビル９階,052-212-5035,201707,35.1772695,136.9051303
490011,その他卸売,（株）ＳＥＡＰＡジャパン,大阪府大阪市北区大深町３－１　グランフロント大阪　北館８階コラボｎｘ,050-3561-8240,201805,34.7053446,135.4945926
490012,その他卸売,ＥｃｏＳｅａ　Ｔｅｃｈ合同会社,大阪府大阪市浪速区難波中２－１０－７０　なんばパークスタワー１９階,06-7662-8931,201808,34.6614333,135.5019199
490013,電気機器卸売,ギャランツジャパン（株）,大阪府大阪市中央区北浜１－５－５　大阪平和ビル１階,06-6222-2388,201601,34.6907746,135.5079226
490014,人材派遣・業務請負,博新商事（株）,大阪府大阪市中央区農人橋２－１－３１　第６松屋ビル９９０,06-7713-3339,201806,34.6811093,135.5134655
490016,電気機器,スタンデックスエレクトロニクスジャパン（株）,山梨県甲府市大津町１０８８－７,055-208-1770,199610,35.6002874,138.5645398
490018,他サービス,（株）アイジェノミクス・ジャパン,東京都中央区日本橋人形町２－７－１０　エル人形町４階,03-6667-0456,201703,35.68674,139.7833206
490022,コンサルティング,ケンブリッジコンサルタンツ（株）,東京都港区南青山３－１－３　スプライン青山東急ビル６階,03-4405-8083,201502,35.6687088,139.7161569
490024,精密機器,ＡＫＡ（株）,東京都渋谷区神南１－６－５　Ｔｈｅ　Ｈｉｖｅ　Ｊｉｎｎａｎ,03-6886-5229,201511,35.6642987,139.6995674
490030,化学卸売,サフトジャパン（株）,東京都港区赤坂４－２－１９　赤坂シャスタ・イースト８階,03-6206-6269,201511,35.675301,139.7350657
490032,電気機器卸売,マキシオンジャパン（株）,東京都港区港南２－１６－１　品川イーストワンタワー７階,03-6894-4010,200910,35.627763,139.7407736
490035,電気機器,ＪＯＹＮＥＸＴ（株）,東京都港区虎ノ門３－２２－１　虎ノ門桜ビル６階,03-6450-1881,201612,35.6615435,139.7481588
490038,電気機器卸売,ＳＡＭＰＯ　ＪＡＰＡＮ（株）,大阪府大阪市中央区安土町３－２－１４　イワタニ第二ビル,06-4256-2777,201801,34.6843019,135.5033434
490039,石油・燃料卸売,アラムコ・アジア・ジャパン（株）,東京都千代田区丸の内２－４－１　丸の内ビルディング２６階,03-6367-3737,201203,35.6811829,139.7637704
490041,他サービス,日本ＭＳＤ合同会社,東京都千代田区九段北１－１３－１２　北の丸スクエア,03-6272-0088,201403,35.6957677,139.7505941
490042,他サービス,（株）ＪＡＬ　ＣＡＥ　ＦＬＩＧＨＴ　ＴＲＡＩＮＩＮＧ,東京都大田区羽田空港３－６－８　ＪＡＬ第２テクニカルセンター,03-6631-0671,200312,35.5409386,139.7938873
490043,精密機器卸売,ｅｍｋａ　ＴＥＣＨＮＯＬＯＧＩＥＳ（株）,大阪府大阪市淀川区西中島３－１０－１２　サムティ西中島ビル４階,06-6476-7135,201400,34.7278015,135.5001984
490044,食料品,Ｄａｎｄｅｌｉｏｎ　Ｃｈｏｃｏｌａｔｅ　Ｊａｐａｎ（株）,東京都台東区蔵前４－１４－６,03-5833-7271,201505,35.7036358,139.7896746
490045,情報・システム・ソフト,ロケットソフトウェアジャパン（株）,神奈川県横浜市西区みなとみらい３－６－３　ＭＭパークビル４階,045-670-8900,201504,35.4585635,139.6326171
490048,電気機器卸売,Ｒｉｅｄｅｌ　Ｃｏｍｍｕｎｉｃａｔｉｏｎｓ　Ｊａｐａｎ（株）,東京都渋谷区南平台町７－９　ＤＥＮ　ＦＬＡＴ南平台１０１,03-6233-7674,201506,35.6532774,139.698297
490050,コンサルティング,ディアラス・コンサルティング・ジャパン（株）,東京都港区虎ノ門１－１７－１　虎ノ門ヒルズビジネスタワー１５階,03-6860-8288,201504,35.6678347,139.7500377
490051,他金融,マニュライフ・ファイナンシャル・アドバイザーズ（株）,東京都港区六本木３－２－１　六本木グランドタワー３７階,03-4233-7900,201808,35.6645869,139.7377776
490053,広告,（株）行楽ジャパン,東京都中央区八丁堀３－１８－６　ＰＭＯ八丁堀３４階,03-6275-2938,200706,35.6747868,139.7762766
490054,情報・システム・ソフト,日本ナブトール（株）,神奈川県横浜市西区みなとみらい３－６－１　みなとみらいセンタービル１９階,050-5357-6030,201508,35.45768,139.6332995
490055,電気機器,ＷＷＳ－ＪＡＰＡＮ（株）,京都府京都市上京区飛鳥井町２５５－１０　今出川永縄ビル２階,075-223-3570,201503,35.0298487,135.7527926
490056,他サービス,アルマック・ファーマシューティカル・サービス（株）,東京都港区虎ノ門１－２３－１　虎ノ門ヒルズ森タワー２９階,03-4233-9178,201207,35.6668216,139.7494178
490057,他サービス,ＧＯＦＬＵＥＮＴ（株）,東京都中央区日本橋人形町３－４－７　三勝ビル３階,03-6459-0367,201004,35.6863808,139.7810668
490058,情報・システム・ソフト,ＧｕｍＧｕｍ　Ｊａｐａｎ（株）,東京都千代田区丸の内１－６－５　丸の内北口ビルディング　ＷｅＷｏｒｋ,050-1745-0198,201707,35.6839599,139.7668803
490059,精密機器卸売,エイデータテクノロジージャパン（株）,東京都千代田区外神田６－１３－１０　プロステック秋葉原９階,03-5807-0011,201408,35.7031967,139.7710519
490062,不動産,ＭｅｔｒｏＲｅｓｉｄｅｎｃｅｓ　Ｊａｐａｎ（株）,東京都港区赤坂９－２－１３　ｎｉｎｅｔｙｔｗｏ１３－３０３号,03-4405-5226,201703,35.6680481,139.7321217
490063,情報・システム・ソフト,（株）ＰａｔｅｎｔＳｉｇｈｔ　Ｊａｐａｎ,東京都港区東麻布１－９－１５　東麻布一丁目ビル６階,03-4405-3481,201710,35.6576467,139.7441667
490064,情報・システム・ソフト,ペガジャパン（株）,東京都千代田区平河町１－１－１　平河町コート８階,03-3221-2455,201101,35.6831721,139.7414518
490065,情報・システム・ソフト,セキュアワークス（株）,東京都千代田区大手町１－２－１　ＯｔｅｍａｃｈｉＯｎｅタワー１７階,03-4400-9373,201505,35.6879122,139.7631803
490066,情報・システム・ソフト,スキーデータ合同会社,東京都千代田区内神田１－４－２　大手町ポイントビル５階,03-3294-2200,200805,35.6900232,139.7654675
490067,他サービス,ホフマンジャパン（株）,東京都中央区京橋２－７－１４　ビュレックス京橋４０１,03-5159-5750,200009,35.6768545,139.7713181
490071,コンサルティング,Ｋｎｏｅｌｌ　Ｊａｐａｎ（株）,東京都中央区日本橋２－１６－４　ＷＯＲＫ　ＢＡＳＥ　Ｎｉｈｏｍｂａｓｈｉ　８・９階,03-6262-5485,201601,35.6798733,139.7757202
490073,精密機器卸売,バイタログラフ・ジャパン（株）,東京都中央区日本橋本町４－７－１０,03-6737-9177,201601,35.6899224,139.7751357
490076,映像・音楽,ＴＥＪＩＸ（株）,山梨県笛吹市一宮町石１３４２－１,03-4579-5843,201306,35.6393936,138.7113195
490078,旅行,ＬＹ－ＨＩＳトラベル（株）,東京都中央区新川１－２２－１１　茅場町イーストスクエア９階,03-6699-8103,201512,35.6773521,139.7851425
490081,その他卸売,ｖａ－Ｑ－ｔｅｃ　Ｊａｐａｎ合同会社,東京都港区虎ノ門５－１３－１　虎ノ門４０ＭＴビル７階,－,201704,35.6633809,139.7457635
490082,輸送用機器卸売,アウマ・エンジニアド・プロダクト（株）,神奈川県横浜市西区みなとみらい２－３－１　クイーンズタワーＡ棟９０７－Ｂ,045-319-6167,201512,35.4557834,139.6330448
490083,情報・システム・ソフト,（株）沖縄ハイシンク,沖縄県うるま市州崎１４－２９　沖縄ＩＴ津梁パーク企業集積施設６号棟,098-989-8830,201508,26.3404041,127.8633107
490084,情報・システム・ソフト,（株）ハイシンク創研,京都府京都市下京区中堂寺粟田町９１　京都リサーチパーク９号館７階,075-322-7088,201610,34.9955939,135.7372269
490085,他サービス,ディーシージェイ（株）,山形県東置賜郡川西町大字下小松２７２２－１,0238-33-9471,201608,38.0308614,140.0543388
490086,他サービス,（株）クレディセイフ企業情報,福岡県福岡市博多区上呉服町１－８,03-4588-2070,201609,33.5968179,130.4113906
490087,精密機器卸売,コンメッド・ジャパン（株）,東京都港区新橋５－２０－４　新虎サウスビル８階,03-6435-8170,201603,35.6634122,139.7538479
490089,情報・システム・ソフト,ＴＭＡ　Ｓｏｌｕｔｉｏｎｓ　Ｊａｐａｎ（株）,東京都港区新橋５－２７－１　パークプレイス４階,03-6432-4994,200611,35.6629158,139.7547158
490090,航空,Ｓｉｌｋ　Ｗａｙ　Ｗｅｓｔ　Ａｉｒｌｉｎｅｓ　ＬＬＣ（東京支店）,東京都港区西新橋１－１８－６　クロスオフィス内幸町１３階,03-6206-6195,201506,35.6677834,139.7533903
490091,海運,Ｏｒｉｅｎｔ　Ｏｖｅｒｓｅａｓ　Ｃｏｎｔａｉｎｅｒ　Ｌｉｎｅ　Ｌｉｍｉｔｅｄ（日本支社）,東京都品川区大崎１－１１－２　ゲートシティ大崎イーストタワー８階,03-3493-6001,‥,35.6186335,139.7319993
490092,その他卸売,ＧＶＳジャパン（株）,東京都新宿区西新宿７－１０－１２　ＫＫＤビル４階,03-5937-1447,201203,35.6941508,139.6982172
490094,情報・システム・ソフト,ドキュサイン・ジャパン（株）,東京都港区虎ノ門４－３－１　城山トラストタワー３５階,03-4577-9801,201505,35.6646397,139.7430889
490095,情報・システム・ソフト,ＱＮＡＰ（株）,東京都荒川区荒川７－５０－９　センターまちや５０２Ｄ号室,03-5901-9735,201510,35.742318,139.7806717
490097,情報・システム・ソフト,Ｄｒｕｖａ合同会社,東京都千代田区大手町１－９－２　大手町フィナンシャルシティグランキューブ３階グローバルビジネスハブ東京ＢＤ３４２,03-6890-8667,201602,35.6887187,139.7648682
490100,情報・システム・ソフト,Ｉｎｆｉｎｉｄａｔ　Ｊａｐａｎ合同会社,東京都千代田区大手町１－９－２　大手町フィナンシャルシティグランキューブ３階,03-4243-6343,201601,35.6884052,139.7647492
490103,情報・システム・ソフト,ニューメリックス・ジャパン（株）,東京都千代田区丸の内１－６－５,03-4545-2180,200106,35.6839569,139.7668878
490107,情報・システム・ソフト,ＮｅｘｔＤｒｉｖｅ（株）,東京都港区西麻布３－１９－２２,03-6432-9616,201701,35.6599991,139.7262384
490109,情報・システム・ソフト,（株）Ｚａｎｒｏｏ　Ｊａｐａｎ,東京都中央区京橋３－３－１３　平和ビル３号館３階,03-5324-2817,201704,35.6756199,139.7681032
490110,情報・システム・ソフト,Ｓｙｍｐｈｏｎｙ　Ｃｏｍｍｕｎｉｃａｔｉｏｎ　Ｓｅｒｖｉｃｅｓ　Ｊａｐａｎ合同会社,東京都千代田区大手町１－９－２　大手町フィナンシャルシティグランキューブ３階,－,201711,35.6884052,139.7647492
490111,精密機器卸売,ＭＧＩ　Ｔｅｃｈ　Ｊａｐａｎ（株）,東京都中央区明石町８－１　聖路加タワー３５階,03-6260-6398,201712,35.6669425,139.7784923
490112,パルプ・紙,ＤＡＤＤＹ’Ｓ　ＣＨＯＩＣＥ　ＪＡＰＡＮ（株）,兵庫県神戸市東灘区向洋町中１－１７　Ａｓｉａ　Ｏｎｅ　Ｃｅｎｔｅｒ　１００１,078-200-5302,201707,34.6906128,135.2699905
490113,その他卸売,コパンジャパン（株）,兵庫県神戸市中央区港島南町５－５－２　神戸国際ビジネスセンタービル６階,078-599-9460,201803,34.6573393,135.2166823
490116,電気機器,ＡＵＸ　ＪＡＰＡＮ（株）,兵庫県神戸市東灘区向洋町中１－１７　Ａｓｉａ　Ｏｎｅ　Ｃｅｎｔｅｒ　１００２,078-803-8200,201805,34.6906128,135.2699905
490117,その他卸売,グリップルジャパン（株）,兵庫県神戸市兵庫区築地町２－５７,078-681-2121,201810,34.6652826,135.1792186
490119,コンサルティング,（株）イノハーブインターナショナル,兵庫県神戸市中央区磯上通４－１－１４　三宮スカイビル７階,078-777-5698,201712,34.6924829,135.199985
490126,他サービス,ジョブサポートパワー（株）,東京都立川市曙町２－３４－７　ファーレイーストビル８階,042-522-0395,200101,35.7021559,139.4147554
490127,電気機器卸売,鮮食（株）,大阪府大阪市中央区農人橋２－１－３５,06-4301-3633,201807,34.6810834,135.513847
490128,精密機器卸売,日本エバテック（株）,大阪府大阪市中央区北浜３－１－２１　松崎ビル８階,06-4708-8750,201807,34.6925951,135.5016437
490129,電気機器,（株）テックポイントジャパン,東京都港区西新橋２－１１－６　ニュー西新橋ビル４階,03-6205-8405,201511,35.6663806,139.7519914
490134,その他卸売,シュメアザール（株）,神奈川県横浜市港北区新横浜３－９－５　新横浜第３東昇ビル,045-476-5777,201712,35.5113743,139.6190318
490135,輸送用機器卸売,ＧＨＳＰジャパン（株）,静岡県浜松市中区板屋町１１０－５　浜松第一生命日通ビル３階,053-450-5203,201808,34.706241,137.7352688
490136,輸送機器,プラット＆ホイットニー・ジャパン（株）,東京都港区虎ノ門４－３－１　城山トラストタワー３０階,03-6457-9622,198804,35.6646397,139.7430889
490137,情報・システム・ソフト,マイクロフォーカスエンタープライズ（株）,東京都港区赤坂９－７－１　ミッドタウン・タワー１９階,03-5635-0872,201610,35.6662186,139.7303961
490138,化学,ダウ・東レ（株）,東京都品川区東品川２－２－２４　天王洲セントラルタワー,03-5460-4380,201806,35.6228215,139.7486778
490140,その他卸売,Ｏ＆Ｍ　Ｈａｌｙａｒｄ　Ｊａｐａｎ合同会社,東京都港区芝公園２－６－３　芝公園フロントタワー１２階,03-4565-4576,201806,35.655824,139.7507194
490142,鉄鋼・金属卸売,エイチ・シー・スタルク・タングステン合同会社,東京都港区海岸１－２－２０　汐留ビルディング３階,03-6721-8050,201803,35.6568217,139.759378
490143,鉄鋼・金属卸売,エイチ・シー・スタルクＦａｂｒｉｃａｔｅｄ　Ｐｒｏｄｕｃｔｓ合同会社,東京都港区海岸１－２－２０　汐留ビルディング３階,03-6721-8048,201803,35.6568217,139.759378
490144,電気機器卸売,日本ハネウェル（株）,東京都港区海岸１－１６－１　ニューピア竹芝サウスタワー２０階,03-6730-7108,200404,35.6534029,139.7625892
490145,電気機器,パイオニア（株）,東京都文京区本駒込２－２８－８　文京グリーンコート,03-6634-8777,194705,35.7299992,139.7475843
490146,化学,ダウ・ケミカル日本（株）,東京都品川区東品川２－２－２４　天王洲セントラルタワー,0120-103-742,201609,35.6228215,139.7486778
500001,医薬品,ＰＲＡヘルスサイエンス（株）,大阪府大阪市中央区久太郎町４－１－３　大阪センタービル１１階,－,198703,34.6813477,135.4997012
500006,建設,ＫＩＮＧＳＭＥＮ－ＮＡＳＳＡＬ（株）,大阪府大阪市北区天神橋２－２－８　日宝南森町ビル２階２号,06-6755-4101,201811,34.6957848,135.5113676
500009,他サービス,Ａｍｐｌｅｘｏｒ　Ｊａｐａｎ合同会社,兵庫県神戸市中央区海岸通６　建隆ビル５０７号室,078-322-2080,201900,34.686443,135.1915343
500011,その他卸売,Ｓｖａｎｅｈｏｊ　Ｊａｐａｎ合同会社,兵庫県神戸市中央区磯上通５－１－２４　三光ビル５０２,－,201907,34.6929487,135.1991618
500017,投信・投資顧問,Ｄｙｍｏｎ　Ａｓｉａ　Ｃａｐｉｔａｌ　Ｊａｐａｎ（株）,東京都中央区日本橋兜町６－５　兜町第６平和ビル３階,03-3527-2961,201808,35.6820765,139.7787072
500018,輸送機器,ＭＳＳＬ　Ｊａｐａｎ（株）,愛知県名古屋市中区丸の内１－１６－４　ＢＰＲプレイス名古屋丸の内４階,052-218-5550,201004,35.1737272,136.8952208
500025,精密機器,ロッチオーニ・ジャパン（株）,愛知県名古屋市東区葵３－２３－７　千種ファーストビルＮ８階,052-908-4801,201704,35.1704592,136.9284286
500027,他サービス,日本マーテック（株）,愛知県名古屋市名東区上社４－１３０,052-705-1688,200711,35.1708832,137.0063644
500030,機械卸売,タンカースジャパン合同会社,愛知県名古屋市中区千代田５－７－５　パークヒルズ千代田,052-212-8803,201612,35.1604802,136.9181882
500031,損害保険,スコール・エスイー（日本支店）,東京都千代田区紀尾井町３－１２　紀尾井町ビル,03-6380-8245,201904,35.6823569,139.7367421
500032,鉄鋼・金属卸売,シューコー・ジャパン（株）,東京都港区新橋４－１－１　新虎通りＣＯＲＥ,03-3434-1195,201811,35.6652533,139.7537924
500033,情報・システム・ソフト,ＷＩＢＵ－ＳＹＳＴＥＭＳ（株）,神奈川県横浜市港北区新横浜３－８－８　日総第１６ビル６階,03-4360-8205,201810,35.5107194,139.6184741
500036,情報・システム・ソフト,スマートアイ・ジャパン（株）,東京都千代田区神田錦町１－１７－５　神田橋ＰＲ－ＥＸ３階,03-6273-7725,201807,35.6911318,139.7635669
500037,機械卸売,ＯＭＥＧＡ　ＡＩＲ合同会社,神奈川県横浜市中区桜木町１－１－７　ヒューリックみなとみらい１０階,045-228-5118,201809,35.4523319,139.6305695
500039,精密機器卸売,Ｓｙｎｏｌｏｇｙ　Ｊａｐａｎ（株）,東京都千代田区東神田３－１－２　ユニゾ東神田三丁目ビル４階,03-6260-8834,201801,35.6970314,139.7804026
500041,他サービス,Ｃａｖｅｎｄｉｓｈ　Ｎｕｃｌｅａｒ　Ｊａｐａｎ（株）,東京都墨田区錦糸１－２－１　アルカセントラル１４階リージャス東京アルカセントラルオフィス１０４号,－,201810,35.6973487,139.8114691
500042,精密機器卸売,ＰＲＯＰＨＥＳＥＥ合同会社,東京都千代田区永田町２－１１－１　山王パークタワー４階,－,201902,35.6731479,139.7406938
500046,コンサルティング,Ｇｕｉｄｅｐｏｉｎｔ　Ｇｌｏｂａｌ　Ｊａｐａｎ合同会社,東京都港区南麻布４－１１－２２　南麻布Ｔ＆Ｆビル８階,050-1743-9353,201710,35.6471568,139.728206
500047,他サービス,Ｕｂｅｒ　Ｊａｐａｎ（株）,東京都港区六本木１－９－１０　アークヒルズ仙石山森タワー３１階,03-4588-5452,201211,35.6634093,139.741803
500050,繊維・衣服卸売,（株）ケリングジャパン,東京都渋谷区神宮前５－１－５,03-6712-5797,200106,35.6659345,139.7101583
500051,精密機器卸売,（株）ケリングアイウエアジャパン,東京都中央区銀座４－３－１,－,201504,35.6725943,139.7646968
500052,情報・システム・ソフト,ティブコパートナーソリューションズ（株）,東京都港区港南２－１６－１　品川イーストワンタワー４階,03-6890-3944,201708,35.627763,139.7407736
500053,他サービス,サイネオス・ヘルス合同会社,東京都中央区日本橋２－１－３　アーバンネット日本橋二丁目ビル５階,03-3516-8601,200708,35.6826041,139.7725962
500054,他サービス,サイネオス・ヘルス・コマーシャル（株）,東京都中央区日本橋２－１－３　アーバンネット日本橋二丁目ビル５階,03-3516-8601,201807,35.6826041,139.7725962
500055,その他卸売,（株）ルーフタイルグループジャパン,東京都千代田区紀尾井町３－８　第２紀尾井町ビル７階,03-3264-8701,201310,35.6823569,139.7367421
500056,損害保険,Ｓｗｉｓｓ　Ｒｅ　Ａｓｉａ　Ｐｔｅ．　Ｌｔｄ．（日本支店）,東京都千代田区丸の内３－２－３　丸の内二重橋ビル２２階,03-5219-7800,202001,35.6777775,139.7615096
500057,その他卸売,ニューウェルブランズ・ジャパン合同会社,東京都港区芝浦４－９－２５　芝浦スクエアビル９階,03-6866-0990,200803,35.6399623,139.7459685
500058,航空,マレーシア・エアラインズ・バハード（日本支社）,東京都港区西新橋１－１２－１０　３階,03-6550-8322,201411,35.6686139,139.7535104
500059,通信・放送,リーチ・ネットワークス（株）,東京都港区虎ノ門４－３－２０　神谷町ＭＴビル１４階,03-5404-3439,199907,35.6634944,139.744526
510002,医薬品,ファイザー（株）,東京都渋谷区代々木３－２２－７　新宿文化クイントビル,03-5309-7000,201901,35.6863313,139.6951259
510003,他サービス,エアロダインジャパン（株）,東京都渋谷区道玄坂１－１２－１　渋谷マークシティ２２階,03-4360-5665,201807,35.6581085,139.6986263
510005,他製造業,Ｎａｖｉｇｉｌジャパン（株）,神奈川県横浜市港北区高田東１－１６－３３,090-9621-5869,202007,35.5476166,139.6263021
510006,電力・ガス,アイチューザー（株）,東京都渋谷区恵比寿１－１３－６　恵比寿ＩＳビル７階,03-4590-8066,201711,35.6472505,139.7120003
510009,電気機器卸売,グローバスメディカル（株）,東京都港区東新橋２－３－３　ルオーゴ汐留１０階,03-6402-3311,199400,35.6626328,139.7582206
510011,情報・システム・ソフト,ＴＳＴジャパン（株）,大阪府東大阪市荒本北１－４－１　クリエイション・コア東大阪南館,－,202008,34.6792873,135.5994562
510013,機械卸売,三方機械工業（股）（日本支店）,大阪府大阪市住之江区南港北２－１－１０　ＡＴＣビルＯ´ｓ５２０,－,202006,34.6380488,135.411274
510019,情報・システム・ソフト,アイデミア・ジャパン（株）,東京都渋谷区恵比寿南３－１－１　恵比寿グリーングラス５階,03-6265-6115,200204,35.6460585,139.7066824
510021,不動産,ＰＡＴＲＩＺＩＡ　Ｊａｐａｎ（株）,東京都港区赤坂３－１－２　ＢＩＺＣＯＲＥ赤坂見附６階,03-4563-2900,201902,35.6774952,139.7366824
510025,食料品卸売,ＣＴ　Ｓｐｉｒｉｔｓ　Ｊａｐａｎ（株）,東京都渋谷区神宮前２－２６－５,03-5856-5815,200810,35.673965,139.7103446
510027,他サービス,Ｐｌｕｇ　ａｎｄ　Ｐｌａｙ　Ｊａｐａｎ（株）,東京都渋谷区道玄坂１－１６－３　渋谷センタープレイス３階,－,201707,35.6568411,139.6981996
510028,人材派遣・業務請負,日越ＢＩＣグループ（株）,東京都港区港南２－１６－４　品川グランドセントラルタワー８階,03-6863-4762,201912,35.6266147,139.7407736
510032,情報・システム・ソフト,ＳＷＡＴ　Ｍｏｂｉｌｉｔｙ　Ｊａｐａｎ（株）,東京都中央区日本橋２－１－１７　丹生ビル２階,－,202002,35.6823665,139.7724291
510035,情報・システム・ソフト,Ａｐｐｔｉｏ（株）,東京都港区赤坂９－７－１　ミッドタウンタワー１８階,03-6625-5344,202003,35.6662186,139.7303961
510036,電気機器卸売,ゼンデュア・ジャパン（株）,東京都渋谷区千駄ヶ谷５－２７－５　リンクスクエア新宿１６階,03-6823-5824,201912,35.6865275,139.7028382
510042,情報・システム・ソフト,（株）ＴＳクラウド,長野県上田市中央２－１０－１５　千曲錦ビル,050-1748-5071,202003,36.400455,138.2540885
510044,不動産,東渡ジャパン（株）,東京都中央区銀座１－８－７　ＶＯＲＴ銀座ＤＤＩ７階,03-5579-9779,201701,35.6740972,139.7686087
510045,情報・システム・ソフト,オートメーション・エニウェア・ジャパン（株）,東京都港区北青山２－１４－４　ジ・アーガイル・アオヤマ,03-4586-4601,201803,35.6696082,139.7157907
510051,電気機器,（株）あすかソリューション,神奈川県横浜市中区尾上町５－８０　神奈川中小企業センタービル７階,045-306-5957,201908,35.4470027,139.6336132
510055,その他卸売,ラーソン・ジュール・ニッポン（株）,神奈川県大和市福田６－８－２,046-215-2061,199706,35.4433685,139.4600267
510058,情報・システム・ソフト,ＣＭ．ｃｏｍ　Ｊａｐａｎ（株）,東京都渋谷区神宮前６－２８－９　東武ビル６階,03-6892-4177,201803,35.6668835,139.7039614
510063,情報・システム・ソフト,Ｐａｌａｎｔｉｒ　Ｔｅｃｈｎｏｌｏｇｉｅｓ　Ｊａｐａｎ（株）,東京都渋谷区神宮前６－１２－１８　Ｉｃｅｂｅｒｇ６階,－,201910,35.6663723,139.704278
510064,倉庫・物流関連,Ｃｒａｎｅ　Ｗｏｒｌｄｗｉｄｅ　Ｌｏｇｉｓｔｉｃｓ合同会社,東京都渋谷区恵比寿西２－４－８　ウィンド恵比寿ビル３階,03-6416-0426,201802,35.6509943,139.7073867
510075,他製造業,（株）ＳＮＫ,大阪府吹田市江坂町１－１６－１７,06-6339-6362,200108,34.7605059,135.4993055
510086,情報・システム・ソフト,Ｄｅｌａｃｏｎ　Ｊａｐａｎ（株）,東京都港区六本木７－２－２９　ＶＯＲＴ乃木坂Ｉ４階,03-4578-1318,201602,35.6663659,139.726239
510090,情報・システム・ソフト,ｉＦＬＹＴＥＫ　ＪＡＰＡＮ　ＡＩ　ＳＯＬＵＴＩＯＮＳ（株）,東京都中央区京橋２－１２－９　ＡＣＮ京橋ビル７階,03-3538-1366,202001,35.6757131,139.7714094
510091,他金融,オーケーコイン・ジャパン（株）,東京都港区虎ノ門１－２－１０　虎ノ門桜田通ビル５階,03-6550-8050,201709,35.6692182,139.7483783
510092,電力・ガス,ＪＡソーラー・ジャパン（株）,東京都千代田区丸の内２－５－２　三菱ビル９階,03-5219-6133,201209,35.6799108,139.7636102
510093,精密機器,オウガ・ジャパン（株）,東京都中央区日本橋箱崎町３６－２　Ｄａｉｗａリバーゲート北ウィング１０階,03-6773-5910,201708,35.6806683,139.7887248
510095,情報・システム・ソフト,マップボックス・ジャパン合同会社,東京都港区虎ノ門１－１０－５　ＫＤＸ虎ノ門ビル１１階,03-6820-0248,202003,35.668419,139.750634
510099,情報・システム・ソフト,日本エヌビゾ（株）,神奈川県横浜市中区尾上町４－５７　横浜尾上町ビルディング８階,045-285-1641,201807,35.4459185,139.635207
510101,情報・システム・ソフト,Ｚｕｏｒａ　Ｊａｐａｎ（株）,東京都千代田区丸の内１－６－５　丸の内北口ビルディング９階,03-6821-1695,201507,35.683938,139.7668852
510104,情報・システム・ソフト,Ｎｅｗ　Ｒｅｌｉｃ（株）,東京都港区赤坂９－７－１　ミッドタウンタワー１８階,03-4577-9065,201806,35.6662186,139.7303961
510106,その他卸売,シュライヒジャパン（株）,東京都中央区日本橋蛎殻町１－１２－９　カモツル日本橋ビル８階,03-5643-5311,201100,35.6841395,139.7822022
510109,情報・システム・ソフト,Ｓｑｕａｒｅ（株）,東京都港区六本木７－７－７,－,201208,35.6649716,139.7291616
510117,精密機器,ユナイテッド・セミコンダクター・ジャパン（株）,神奈川県横浜市神奈川区金港町３－１,045-620-2682,201412,35.4682926,139.6270788
510118,専門店,ザボディショップジャパン（株）,東京都中央区日本橋堀留町１－９－１１　ＮＥＷＳ日本橋堀留町ビル４階,03-3249-8170,199006,35.6878538,139.7805045
510120,その他卸売,セルインク（株）,京都府京都市上京区河原町通今出川下る梶井町４４８－５　クリエイション・コア京都御車３０２,075-746-3032,202002,35.0277418,135.7702159
510122,化学,メルクエレクトロニクス（株）,東京都目黒区下目黒１－８－１　アルコタワー,－,202101,35.6316957,139.7132982
510123,化学,メルク（株）,東京都目黒区下目黒１－８－１　アルコタワー５階,03-5434-4700,196802,35.6316957,139.7132982
510129,医薬品卸売,シュルケ・ジャパン合同会社,東京都港区港南２－１６－１　品川イーストワンタワー７階,03-6894-3335,202004,35.627763,139.7407736
510130,電気機器卸売,コンバーターテックジャパン合同会社,千葉県千葉市美浜区中瀬２－６－１　ＷＢＧマリブイースト１４階,043-239-6100,202008,35.6487629,140.0395825
510131,その他卸売,ベクタービルダー・ジャパン（株）,神奈川県横浜市港北区新横浜２－１２－１６,045-628-9207,201904,35.5087568,139.6134253
510132,輸送用機器卸売,日本華翔（株）,神奈川県横浜市港北区新横浜２－５－１９　アプリ新横浜ビル２０１号室,045-534-3461,201904,35.5089094,139.6152675
510133,他サービス,ＡＢ　Ｄｙｎａｍｉｃｓ合同会社,神奈川県横浜市港北区新横浜２－２－３　新横浜第１竹生ビル６階６０６,045-534-3938,201907,35.5066744,139.6130568
510134,他サービス,セグラジャパン（株）,神奈川県横浜市神奈川区鶴屋町２－１０－１　ＭＩＮＤＡＮビル５階,045-620-4507,201904,35.4696414,139.6230951
510135,電気機器卸売,Ｍｉｎｉ－Ｃｉｒｃｕｉｔｓ　Ｊａｐａｎ（株）,神奈川県横浜市港北区新横浜３－６－１２　日総第１２ビル６階,045-548-5058,201906,35.5090761,139.6183147
510136,情報・システム・ソフト,ＣＩＭＳＯＵＲＣＥ　Ｊａｐａｎ（株）,神奈川県横浜市中区尾上町４－５７－１　横浜尾上町ビルディング８階,045-285-6027,201909,35.4459185,139.635207
510137,電気機器卸売,ＡＣＴＩＡ　Ｊａｐａｎ（株）,神奈川県横浜市中区新港２－２－１　横浜ワールドポーターズ６階ＷＢＣ内,045-222-2070,201909,35.4540062,139.6389327
510142,他サービス,Ｔａｓｔｅｍａｄｅ　Ｊａｐａｎ（株）,東京都渋谷区広尾５－１－３２　ＳＴ広尾２,03-6427-2385,201606,35.6491468,139.7189983
510143,農林水産,（株）ゲン・コーポレーション,岐阜県岐阜市折立２９６－１,058-234-0777,196302,35.4589681,136.7320972
510145,機械卸売,旭和（株）,神奈川県横浜市中区元浜町３－２１－２　ヘリオス関内ビル９階,045-323-9621,201801,35.4494029,139.6395902
510146,他金融,外為ファイネスト（株）,東京都千代田区丸の内２－２－２　丸の内三井ビルディング,03-6268-0234,199903,35.6805822,139.7620932
510148,鉄鋼・金属卸売,（株）エイムス・アドバンストマテリアルス,東京都港区西新橋１－１８－６　クロスオフィス内幸町,03-6205-7817,201403,35.6677834,139.7533903
510152,他サービス,アンビルグループ・ジャパン合同会社,東京都港区新橋１－１８－２　明宏ビル本館２階,03-6550-9775,201503,35.6688501,139.7558243
510154,情報・システム・ソフト,ＲｅｔａｉｌＮｅｘｔ　Ｊａｐａｎ合同会社,東京都千代田区大手町１－６－１　大手町ビル１階　ＳＰＡＣＥＳ,03-6841-4121,201509,35.6864055,139.7648086
510164,レジャー・娯楽,サンシティグループホールディングスジャパン（株）,東京都港区六本木１－６－１　泉ガーデンタワー２６階,03-6229-3101,201908,35.664573,139.7395626
510166,広告,Ｈｙｐｅｂｅａｓｔ　Ｊａｐａｎ（株）,東京都渋谷区神宮前１－５－８　神宮前タワービル１４階,－,201903,35.6706882,139.7066941
510167,情報・システム・ソフト,Ｄａｔａｂｒｉｃｋｓ　Ｊａｐａｎ（株）,東京都港区六本木１－４－５　アークヒルズ　サウスタワー１６階　ＷｅＷｏｒｋ内,03-6821-1670,202009,35.6656056,139.7394165
510171,機械,サンドビック（株）,兵庫県神戸市中央区磯上通２－２－２１,078-265-5311,202003,34.6939122,135.2019743
510172,不動産,大信東京合同会社,東京都港区西新橋２－３９－３　ＳＶＡＸビル８階,03-5422-1417,202005,35.6648278,139.7529496
510173,通信・放送,ＳＫ　ｔｅｌｅｃｏｍ　Ｊａｐａｎ（株）,東京都千代田区有楽町１－１－２　東京ミッドタウン日比谷３２階,03-3591-3800,201803,35.6737436,139.7591762
510174,海運,上海民生輪船（有）（神戸支店）,兵庫県神戸市中央区浜辺通５－１－１４　神戸商工貿易センタービル８階,078-261-1028,201909,34.6881915,135.1996923
510175,生命保険,チューリッヒ生命保険（株）,東京都中野区中野４－１０－２　中野セントラルパークサウス１６階,03-6832-1101,199608,35.7068049,139.6613911
510176,化学,（株）アクシージア,東京都新宿区西新宿６－３－１,03-6304-5840,201112,35.6937703,139.6935633
510177,電気機器,ウインテスト（株）,神奈川県横浜市西区平沼１－２－２４　横浜ＮＴビル,045-317-7888,199507,35.4610688,139.6214219
510178,電気機器,（株）ジャパンディスプレイ,東京都港区西新橋３－７－１,03-6732-8100,200210,35.664597,139.7522921
510179,情報・システム・ソフト,クオンタムソリューションズ（株）,東京都千代田区九段北１－１０－９　九段ＶＩＧＡＳビル,03-6910-0571,199905,35.6974385,139.7512728
510180,他サービス,オランジュ（株）,東京都新宿区津久戸町４－６　第三都ビル９階,－,201104,35.7031358,139.7401102
510181,建設,（株）エルゴジャパンエナジー,東京都千代田区永田町１－１１－２８　合人社東京永田町ビル４階,03-5157-1555,201311,35.6785717,139.7408934
510182,建設,ｉＡｃｃｅｓｓ　Ｅｎｅｒｇｙ　Ｊａｐａｎ（株）,東京都千代田区神田猿楽町１－５－１　豊島屋本店ビル６階,03-6811-0507,201411,35.6978776,139.7600568
510183,情報・システム・ソフト,ＬＩＮＥ（株）,東京都新宿区四谷１－６－１　四谷タワー２３階,－,200009,35.687574,139.7292197
510184,飲食・外食,（株）ビーケー・ジャパン,東京都千代田区一番町１６－１　共同ビル一番町３階,03-6856-7660,202001,35.6882555,139.741615
520004,精密機器卸売,ＬｉｆｅＳｃａｎ　Ｊａｐａｎ（株）,東京都中央区日本橋室町３－４－４　ＯＶＯＬ日本橋ビル２階,03-6332-6961,201810,35.688285,139.7734349
520009,機械卸売,アルヴォス・シュミッチェ・シャック（株）,兵庫県神戸市中央区小野柄通７－１－１８,078-242-5791,201803,34.6933173,135.1960939
520012,海運,ＣＭＡ　ＣＧＭ　ＪＡＰＡＮ（株）,東京都品川区東品川２－２－２０　天王洲オーシャンスクエア１５階,03-5796-7633,200711,35.6221232,139.7501399
520035,食料品卸売,ＣＪ　ＦＯＯＤＳ　ＪＡＰＡＮ（株）,東京都港区西新橋２－７－４　ＣＪビル９階,03-6550-9803,201907,35.6667547,139.7538221
520042,情報・システム・ソフト,Ｉｎｓｉｄｅｒ　Ｊａｐａｎ（株）,東京都品川区西品川１－１－１　住友不動産大崎ガーデンタワー９階,03-3216-7357,201706,35.6149384,139.731068
520043,情報・システム・ソフト,ＥＰＡＭ　Ｓｙｓｔｅｍｓ　Ｊａｐａｎ合同会社,東京都港区虎ノ門４－１－１　神谷町トラストタワーＷｅＷｏｒｋ２３階,03-6880-9198,201806,35.6650161,139.7454071
520061,情報・システム・ソフト,（株）スペースタイムエンジニアリング,東京都千代田区神田佐久間町３－２７－３　ガーデンパークビル７階,03-5809-2683,200804,35.6985462,139.778767
520072,機械卸売,ヴァイス・ジャパン（株）,神奈川県横浜市港北区新横浜３－７－１８　日総第１８ビル７０５号,045-594-8947,201910,35.5097517,139.6169604
520074,他サービス,ＯｎｅＯｃｅａｎ（株）,兵庫県神戸市中央区八幡通４－２－１２　カサベラＦＲＩＩビル１０階,050-1751-4116,201903,34.6901937,135.1965448
520081,電気機器卸売,Ｋｉｎｅｔｉｃ　Ｔｅｃｈｎｏｌｏｇｉｅｓ（株）,千葉県千葉市美浜区中瀬２－６－１　ワールドビジネスガーデンマリブ・イースト２１階,043-216-3751,202003,35.6488152,140.039604
520085,機械卸売,レゴフィックスジャパン（株）,東京都中野区中野４－１－１　中野サンプラザ９階,03-6859-7504,202101,35.7075783,139.6647405
520086,機械卸売,Ｍａｙｒ　Ｊａｐａｎ合同会社,東京都中央区日本橋蛎殻町１－１－９　ヒガノ日本橋ビル２階,03-3527-2900,202008,35.6807384,139.7836302
520090,食料品,（株）ホテルショコラ,東京都渋谷区渋谷２－２４－１２　渋谷スクランブルスクエア３９階,－,201811,35.6584638,139.7022621
520092,電気機器,セルインパクト・ジャパン（株）,東京都港区虎ノ門１－１７－１　ヒルズビジネスタワー１５階,－,202102,35.6679904,139.7500876
520094,情報・システム・ソフト,パーコペディアジャパン（株）,東京都港区港南１－９－３６　アレア品川１３階,－,202101,35.6300683,139.7413325
520096,その他卸売,ＲＥＭＢＥ（株）,神奈川県横浜市中区桜木町１－１－７　ヒューリックみなとみらい１０階,045-288-5460,202010,35.4523319,139.6305695
520107,医薬品,アリナミン製薬（株）,東京都千代田区丸の内１－８－２　鉄鋼ビルディング２３階,03-6212-8501,201604,35.6831305,139.7702398
520114,機械卸売,ローロン・ジャパン（株）,神奈川県相模原市緑区西橋本１－２１－４　橋本屋ビル,042-703-4101,202000,35.5882322,139.342117
520116,情報・システム・ソフト,ＡＨＴ　ＪＡＰＡＮ　（株）,神奈川県川崎市高津区溝口１－９－７　長谷川ビル５階　Ｔｈｅ　Ｈｕｂ　５０２号室,044-455-7908,202104,35.5998004,139.6123996
520118,化学卸売,ＤＥＬＯ工業接着剤（株）,神奈川県横浜市港北区新横浜２－７－４　フジビル９０２号室,045-620-6872,201704,35.5072016,139.6123598
520139,精密機器卸売,ＩｎｆｅｒＶｉｓｉｏｎ（株）,東京都千代田区九段南３－４－５　ビラ・アペックス市ヶ谷６０１,03-6820-0540,201810,35.6919976,139.7414184
520142,海運,ダイエイシッピング（株）,東京都中央区八丁堀２－２０－１　藤和八丁堀ビル５階,03-5566-6961,199005,35.6758764,139.7768897
520143,他サービス,クアルトリクス合同会社,東京都千代田区丸の内１－５－１　新丸の内ビルディング３７階,03-4520-0529,201609,35.6826212,139.7642436
520147,電気機器,ＰＨＣホールディングス（株）,東京都港区西新橋２－３８－５,03-5408-7280,201308,35.6650463,139.7524359
520151,情報・システム・ソフト,Ｅｐｉｃ　Ｇａｍｅｓ　Ｊａｐａｎ合同会社,神奈川県横浜市西区みなとみらい３－６－１　みなとみらいセンタービル１８階,045-226-4555,200912,35.45768,139.6332995
520154,農林水産,Ｉｎｆａｒｍ－Ｉｎｄｏｏｒ　Ｕｒｂａｎ　Ｆａｒｍｉｎｇ　Ｊａｐａｎ（株）,東京都渋谷区渋谷２－２４－１２　渋谷スクランブルスクエア３９階,－,202002,35.6584638,139.7022621
520156,情報・システム・ソフト,（株）ＳｐａｃｉａＮｅｔ　Ｊａｐａｎ,大阪府大阪市北区角田町１－１２　阪急ファイブアネックスビル２階　ＧＶＨ＃５内,050-5534-9885,202106,34.7044449,135.5011649
520158,その他卸売,（株）ヴァンシティ・ジャパン,大阪府堺市堺区新町４－２２　工電舎ビル,072-221-0030,202106,34.5726782,135.4814872
520159,鉄鋼・金属卸売,（株）クアドラントジャパン,大阪府大阪市中央区南本町１－５－１５　デイワンチャンドビル４０３号室,06-7777-1155,202105,34.6830042,135.5076095
520162,他サービス,ＧＡＯＧＡＯゲート（株）,兵庫県神戸市中央区磯上通４－１－１４　三宮スカイビル１２０ＷＯＲＫＰＬＡＣＥ　ＫＯＢＥ６１６号室,070-1302-2227,202011,34.6924829,135.199985
520163,情報・システム・ソフト,ワイズテック・グローバル・ジャパン（株）,兵庫県神戸市中央区北長狭通５－１－２１　福建会館ビル,078-341-1560,201710,34.6892647,135.1853894
520164,他サービス,原本（株）,東京都千代田区麹町１－４－４　ゼニタカアネックス２階,－,201910,35.684422,139.7434082
520166,証券,ＨＳＢＣ証券（株）,東京都中央区日本橋３－１１－１　ＨＳＢＣビルディング,03-5203-3111,198603,35.6790846,139.7737521
520167,情報・システム・ソフト,Ａｐｐｉｅｒ　Ｇｒｏｕｐ（株）,東京都港区愛宕２－５－１,03-6435-6617,201804,35.6621409,139.7488929
520168,不動産,（株）アスコット・アセット・コンサルティング,東京都渋谷区神宮前３－１－３０　Ｄａｉｗａ青山ビル５階,03-6721-0148,200207,35.6695701,139.7147134
520169,情報・システム・ソフト,モビルス（株）,東京都品川区西五反田３－１１－６　サンウエスト山手ビル,03-6417-9523,201109,35.6270733,139.7153518
520170,不動産,グローム・ホールディングス（株）,東京都港区赤坂１－１２－３２　アーク森ビル,03-5545-8101,198706,35.6671134,139.740135
520171,投資業等,アジア開発キャピタル（株）,東京都中央区勝どき１－１３－１　イヌイビル・カチドキ,03-5534-9614,192202,35.6607192,139.7751922
520172,コンサルティング,ＡＴＯＭＯＳデザイン（株）,東京都品川区西五反田７－８－１１　ＰＲＥＳＴＩＧＥ五反田４階,03-6661-2847,201701,35.6237004,139.7197101
520173,ホテル,Ｗｏｒｌｄ　Ｈｏｔｅｌｓ　ＧｍｂＨ（日本支社）,東京都港区海岸１－２－２０　汐留ビルディング３階,－,202100,35.6568217,139.759378
520174,輸送機器,ＰＩＡＡ（株）,東京都文京区水道１－１２－１５　白鳥橋三笠ビル,－,196307,35.7082367,139.7444062
520175,電気機器,Ｄｙｎａｂｏｏｋ（株）,東京都江東区豊洲５－６－１５　ＮＢＦ豊洲ガーデンフロント,03-5144-3000,195409,35.6505456,139.7976429
520176,ホテル,（株）アゴーラホスピタリティーズ,東京都港区虎ノ門５－２－６　虎ノ門第２ワイコービル７階,03-3436-1860,200709,35.6629006,139.7445659
520177,情報・システム・ソフト,Ｃｏｈｅｓｉｔｙ　Ｊａｐａｎ（株）,東京都千代田区大手町１－６－１　大手町ビル４階,03-4578-3371,201805,35.6864055,139.7648086
520178,食料品卸売,（株）ＭＣアグリアライアンス,東京都千代田区大手町１－３－７,03-6212-5121,201604,35.6887675,139.7622666
520179,他製造業,インターフェイス・アジアパシフィック・ホンコン・リミテッド,東京都港区虎ノ門５－１－４　東都ビル６階,03-5733-5211,199111,35.6638588,139.745524
